school;sex;age;address;famsize;Pstatus;Medu;Fedu;Mjob;Fjob;reason;guardian;traveltime;studytime;failures;schoolsup;famsup;paid;activities;nursery;higher;internet;romantic;famrel;freetime;goout;Dalc;Walc;health;absences;semestre_actual;puntaje_icfes_global;estrato;programa_academico;trabaja_actualmente;horas_trabajo_sem;promedio_semestre_anterior;promedio_acumulado
GP;F;18;U;GT3;A;4;4;at_home;teacher;course;mother;2;2;0;yes;no;no;no;yes;yes;no;no;4;3;4;1;1;3;4;3;306;1;Derecho;no;0;2.7;2.68
GP;F;17;U;GT3;T;1;1;at_home;other;course;father;1;2;0;no;yes;no;no;no;yes;yes;no;5;3;3;1;1;3;2;9;349;4;Contaduría;no;0;3.28;2.99
GP;F;15;U;LE3;T;1;1;at_home;other;other;mother;1;2;0;yes;no;no;no;yes;yes;yes;no;4;3;2;2;3;3;6;6;468;4;Ing. Industrial;yes;40;3.31;3.65
GP;F;15;U;GT3;T;4;2;health;services;home;mother;1;3;0;no;yes;no;yes;yes;yes;yes;yes;3;2;2;1;1;5;0;5;400;4;Contaduría;no;0;2.95;3.65
GP;F;16;U;GT3;T;3;3;other;other;home;father;1;2;0;no;yes;no;no;yes;yes;no;no;4;3;2;1;2;5;0;2;327;3;Enfermería;no;0;3.29;3.35
GP;M;16;U;LE3;T;4;3;services;other;reputation;mother;1;2;0;no;yes;no;yes;yes;yes;yes;no;5;4;2;1;2;5;6;2;429;3;Administración;yes;20;3.13;2.86
GP;M;16;U;LE3;T;2;2;other;other;home;mother;1;2;0;no;no;no;no;yes;yes;yes;no;4;4;4;1;1;3;0;1;330;5;Ing. Industrial;no;0;2.73;2.27
GP;F;17;U;GT3;A;4;4;other;teacher;home;mother;2;2;0;yes;yes;no;no;yes;yes;no;no;4;1;4;1;1;1;2;8;316;4;Ing. Ambiental;no;0;2.5;2.58
GP;M;15;U;LE3;A;3;2;services;other;home;mother;1;2;0;no;yes;no;no;yes;yes;yes;no;4;2;2;1;1;1;0;5;419;3;Derecho;yes;20;2.02;2.35
GP;M;15;U;GT3;T;3;4;other;other;home;mother;1;2;0;no;yes;no;yes;yes;yes;yes;no;5;5;1;1;1;5;0;6;284;1;Arquitectura;no;0;3.17;3.31
GP;F;15;U;GT3;T;4;4;teacher;health;reputation;mother;1;2;0;no;yes;no;no;yes;yes;yes;no;3;3;3;1;2;2;2;1;254;3;Enfermería;no;0;2.22;2.22
GP;F;15;U;GT3;T;2;1;services;other;reputation;father;3;3;0;no;yes;no;yes;yes;yes;yes;no;5;2;2;1;1;4;0;10;397;3;Administración;no;0;3.35;3.17
GP;M;15;U;LE3;T;4;4;health;services;course;father;1;1;0;no;yes;no;yes;yes;yes;yes;no;4;3;3;1;3;5;0;8;351;3;Arquitectura;yes;35;2.57;2.24
GP;M;15;U;GT3;T;4;3;teacher;other;course;mother;2;2;0;no;yes;no;no;yes;yes;yes;no;5;4;3;1;2;3;0;2;356;4;Ing. Sistemas;yes;20;3.34;3.59
GP;M;15;U;GT3;A;2;2;other;other;home;other;1;3;0;no;yes;no;no;yes;yes;yes;yes;4;5;2;1;1;3;0;2;331;4;Enfermería;no;0;3.15;3.42
GP;F;16;U;GT3;T;4;4;health;other;home;mother;1;1;0;no;yes;no;no;yes;yes;yes;no;4;4;4;1;2;2;6;2;338;4;Derecho;no;0;2.54;2.08
GP;F;16;U;GT3;T;4;4;services;services;reputation;mother;1;3;0;no;yes;no;yes;yes;yes;yes;no;3;2;3;1;2;2;10;3;327;5;Medicina;no;0;3.67;4.15
GP;F;16;U;GT3;T;3;3;other;other;reputation;mother;3;2;0;yes;yes;no;yes;yes;yes;no;no;5;3;2;1;1;4;2;4;318;5;Ing. Industrial;no;0;3.17;3.34
GP;M;17;U;GT3;T;3;2;services;services;course;mother;1;1;3;no;yes;yes;yes;yes;yes;yes;no;5;5;5;2;4;5;2;4;330;4;Contaduría;yes;15;2.86;3.28
GP;M;16;U;LE3;T;4;3;health;other;home;father;1;1;0;no;no;no;yes;yes;yes;yes;no;3;1;3;1;3;5;6;2;329;6;Derecho;no;0;2.93;2.53
GP;M;15;U;GT3;T;4;3;teacher;other;reputation;mother;1;2;0;no;no;no;no;yes;yes;yes;no;4;4;1;1;1;1;0;5;308;1;Ing. Industrial;no;0;2.23;1.82
GP;M;15;U;GT3;T;4;4;health;health;other;father;1;1;0;no;yes;yes;no;yes;yes;yes;no;5;4;2;1;1;5;0;1;322;2;Arquitectura;no;0;3.08;3.04
GP;M;16;U;LE3;T;4;2;teacher;other;course;mother;1;2;0;no;no;no;yes;yes;yes;yes;no;4;5;1;1;3;5;0;2;224;1;Contaduría;no;0;3.31;3.46
GP;M;16;U;LE3;T;2;2;other;other;reputation;mother;2;2;0;no;yes;no;yes;yes;yes;yes;no;5;4;4;2;4;5;2;3;384;4;Psicología;no;0;2.49;3.03
GP;F;15;R;GT3;T;2;4;services;health;course;mother;1;3;0;yes;yes;no;yes;yes;yes;yes;no;4;3;2;1;1;5;2;4;369;5;Ing. Ambiental;no;0;3.18;3.39
GP;F;16;U;GT3;T;2;2;services;services;home;mother;1;1;0;no;yes;no;no;no;yes;yes;no;1;2;2;1;3;5;6;7;345;2;Ing. Sistemas;yes;35;2.68;2.61
GP;M;15;U;GT3;T;2;2;other;other;home;mother;1;1;0;no;yes;no;no;yes;yes;yes;no;4;2;2;1;2;5;8;2;361;6;Enfermería;no;0;2.63;2.32
GP;M;15;U;GT3;T;4;2;health;services;other;mother;1;1;0;no;no;no;no;yes;yes;yes;no;2;2;4;2;4;1;0;4;363;1;Derecho;no;0;2.87;3.24
GP;M;16;U;LE3;A;3;4;services;other;home;mother;1;2;0;yes;yes;yes;yes;yes;yes;yes;no;5;3;3;1;1;5;2;5;313;6;Ing. Sistemas;no;0;3.72;3.43
GP;M;16;U;GT3;T;4;4;teacher;teacher;home;mother;1;2;0;no;yes;yes;yes;yes;yes;yes;yes;4;4;5;5;5;5;4;1;323;3;Medicina;no;0;3.54;4.03
GP;M;15;U;GT3;T;4;4;health;services;home;mother;1;2;0;no;yes;yes;no;no;yes;yes;no;5;4;2;3;4;5;0;5;376;2;Ing. Industrial;no;0;2.34;2.25
GP;M;15;U;GT3;T;4;4;services;services;reputation;mother;2;2;0;no;yes;no;yes;yes;yes;yes;no;4;3;1;1;1;5;2;2;360;3;Ing. Industrial;no;0;3.31;3.79
GP;M;15;R;GT3;T;4;3;teacher;at_home;course;mother;1;2;0;no;yes;no;yes;yes;yes;yes;yes;4;5;2;1;1;5;0;1;452;3;Derecho;yes;10;3.66;3.86
GP;M;15;U;LE3;T;3;3;other;other;course;mother;1;2;0;no;no;no;yes;no;yes;yes;no;5;3;2;1;1;2;0;9;430;3;Administración;no;0;3.19;3.15
GP;M;16;U;GT3;T;3;2;other;other;home;mother;1;1;0;no;yes;no;no;no;yes;yes;no;5;4;3;1;1;5;4;10;396;3;Administración;no;0;3.25;3.09
GP;F;15;U;GT3;T;2;3;other;other;other;father;2;1;0;no;yes;no;yes;yes;yes;no;no;3;5;1;1;1;5;4;7;311;5;Psicología;no;0;3.71;3.61
GP;M;15;U;LE3;T;4;3;teacher;services;home;mother;1;3;0;no;yes;no;yes;yes;yes;yes;no;5;4;3;1;1;4;0;3;321;4;Ing. Ambiental;no;0;3.81;3.94
GP;M;16;R;GT3;A;4;4;other;teacher;reputation;mother;2;3;0;no;yes;no;yes;yes;yes;yes;yes;2;4;3;1;1;5;4;1;299;3;Contaduría;no;0;3.42;3.44
GP;F;15;R;GT3;T;3;4;services;health;course;mother;1;3;0;yes;yes;no;yes;yes;yes;yes;no;4;3;2;1;1;5;2;6;363;4;Medicina;yes;10;3.82;3.64
GP;F;15;R;GT3;T;2;2;at_home;other;reputation;mother;1;1;0;yes;yes;no;yes;yes;yes;no;no;4;3;1;1;1;2;8;4;212;4;Ing. Sistemas;no;0;2.77;2.72
GP;F;16;U;LE3;T;2;2;other;other;home;mother;2;2;0;no;yes;no;yes;no;yes;yes;yes;3;3;3;1;2;3;16;1;327;3;Administración;no;0;3.01;3.03
GP;M;15;U;LE3;T;4;4;teacher;other;home;other;1;1;0;no;yes;no;no;no;yes;yes;yes;5;4;3;2;4;5;8;4;334;3;Psicología;yes;25;2.52;1.88
GP;M;15;U;GT3;T;4;4;services;teacher;course;father;1;2;0;no;yes;no;yes;yes;yes;yes;no;4;3;3;1;1;5;0;1;273;2;Psicología;no;0;3.78;3.92
GP;M;15;U;GT3;T;2;2;services;services;course;father;1;1;0;yes;yes;no;no;yes;yes;yes;no;5;4;1;1;1;1;0;9;389;2;Derecho;no;0;2.29;2.0
GP;F;16;U;LE3;T;2;2;other;at_home;course;father;2;2;1;yes;no;no;yes;yes;yes;yes;no;4;3;3;2;2;5;14;2;293;4;Medicina;yes;40;3.77;3.42
GP;F;15;U;LE3;A;4;3;other;other;course;mother;1;2;0;yes;yes;yes;yes;yes;yes;yes;yes;5;2;2;1;1;5;4;6;363;2;Arquitectura;no;0;3.25;2.74
GP;F;16;U;LE3;A;3;3;other;services;home;mother;1;2;0;no;yes;no;no;yes;yes;yes;no;2;3;5;1;4;3;6;3;489;4;Contaduría;no;0;2.3;1.76
GP;M;16;U;GT3;T;4;3;health;services;reputation;mother;1;4;0;no;no;no;yes;yes;yes;yes;no;4;2;2;1;1;2;2;4;269;4;Ing. Ambiental;no;0;3.78;3.37
GP;M;15;U;GT3;T;4;2;teacher;other;home;mother;1;2;0;no;yes;no;no;yes;yes;no;no;4;3;3;2;2;5;4;5;342;2;Enfermería;no;0;1.95;1.74
GP;F;15;U;GT3;T;4;4;services;teacher;other;father;1;2;0;yes;yes;no;yes;no;yes;yes;no;4;4;4;1;1;3;2;2;329;4;Derecho;no;0;3.31;3.9
GP;F;16;U;LE3;T;2;2;services;services;course;mother;3;2;0;no;yes;no;no;yes;yes;yes;no;4;3;3;2;3;4;0;10;319;3;Contaduría;no;0;3.44;3.28
GP;F;15;U;LE3;T;4;2;health;other;other;mother;1;2;0;no;yes;no;no;yes;yes;yes;no;4;3;3;1;1;5;0;7;388;6;Enfermería;no;0;2.7;2.75
GP;M;15;U;LE3;A;4;2;health;health;other;father;2;1;0;no;no;no;no;yes;yes;no;no;5;5;5;3;4;5;4;9;405;3;Enfermería;no;0;2.76;2.88
GP;F;15;U;GT3;T;4;4;services;services;course;mother;1;1;0;yes;yes;no;no;yes;yes;yes;no;3;3;4;2;3;5;0;8;388;5;Medicina;no;0;3.68;3.72
GP;F;15;U;LE3;A;3;3;other;other;other;mother;1;1;0;no;no;no;no;yes;yes;yes;no;5;3;4;4;4;1;0;5;313;4;Medicina;no;0;2.45;2.43
GP;F;16;U;GT3;A;2;1;other;other;other;mother;1;2;0;no;no;no;yes;yes;yes;yes;yes;5;3;4;1;1;2;2;9;471;1;Ing. Sistemas;no;0;2.47;2.11
GP;F;15;U;GT3;A;4;3;services;services;reputation;mother;1;2;0;no;yes;no;yes;yes;yes;yes;no;4;3;2;1;1;1;0;1;261;4;Psicología;no;0;3.74;4.18
GP;M;15;U;GT3;T;4;4;teacher;health;reputation;mother;1;2;0;no;yes;no;yes;yes;yes;no;no;3;2;2;1;1;5;8;2;298;6;Contaduría;no;0;3.98;4.52
GP;M;15;U;LE3;T;1;2;other;at_home;home;father;1;2;0;yes;yes;no;yes;yes;yes;yes;no;4;3;2;1;1;5;0;1;358;4;Derecho;no;0;3.0;2.5
GP;F;16;U;GT3;T;4;2;services;other;course;mother;1;2;0;no;yes;yes;no;yes;yes;yes;no;4;2;3;1;1;5;2;3;354;5;Ing. Industrial;no;0;3.51;3.2
GP;F;16;R;GT3;T;4;4;health;teacher;other;mother;1;2;0;no;yes;no;yes;yes;yes;no;no;2;4;4;2;3;4;0;3;374;5;Derecho;no;0;3.67;3.59
GP;F;16;U;GT3;T;1;1;services;services;course;father;4;1;0;yes;yes;no;yes;no;yes;yes;yes;5;5;5;5;5;5;0;2;429;2;Ing. Sistemas;no;0;2.33;2.04
GP;F;16;U;LE3;T;1;2;other;services;reputation;father;1;2;0;yes;no;no;yes;yes;yes;yes;no;4;4;3;1;1;1;0;8;344;2;Ing. Ambiental;yes;25;2.76;2.91
GP;F;16;U;GT3;T;4;3;teacher;health;home;mother;1;3;0;yes;yes;no;yes;yes;yes;yes;no;3;4;4;2;4;4;0;3;355;4;Psicología;no;0;3.92;3.7
GP;F;15;U;LE3;T;4;3;services;services;reputation;father;1;2;0;yes;no;no;yes;yes;yes;yes;yes;4;4;4;2;4;2;0;2;320;3;Ing. Industrial;no;0;3.84;4.49
GP;F;16;U;LE3;T;4;3;teacher;services;course;mother;3;2;0;no;yes;no;yes;yes;yes;yes;no;5;4;3;1;2;1;2;5;379;5;Administración;no;0;3.28;3.64
GP;M;15;U;GT3;A;4;4;other;services;reputation;mother;1;4;0;no;yes;no;yes;no;yes;yes;yes;1;3;3;5;5;3;0;1;334;6;Ing. Ambiental;no;0;3.16;3.22
GP;F;16;U;GT3;T;3;1;services;other;course;mother;1;4;0;yes;yes;no;no;yes;yes;yes;no;4;3;3;1;2;5;0;7;334;3;Medicina;no;0;4.59;4.9
GP;F;15;R;LE3;T;2;2;health;services;reputation;mother;2;2;0;yes;yes;no;no;yes;yes;yes;no;4;1;3;1;3;4;0;1;377;2;Enfermería;yes;15;2.73;3.06
GP;F;15;R;LE3;T;3;1;other;other;reputation;father;2;4;0;no;yes;no;no;no;yes;yes;no;4;4;2;2;3;3;6;10;401;5;Administración;no;0;3.43;3.26
GP;M;16;U;GT3;T;3;1;other;other;reputation;father;2;4;0;no;yes;no;no;yes;yes;yes;no;4;3;2;1;1;5;2;7;239;3;Derecho;no;0;3.77;3.53
GP;M;15;U;GT3;T;4;2;other;other;course;mother;1;4;0;no;no;no;no;yes;yes;yes;no;3;3;3;1;1;3;0;2;368;5;Derecho;no;0;4.38;4.4
GP;F;15;R;GT3;T;1;1;other;other;reputation;mother;1;2;0;yes;yes;no;no;no;yes;yes;yes;3;3;4;2;4;5;2;1;336;3;Medicina;no;0;3.43;3.69
GP;M;16;U;GT3;T;3;1;other;other;reputation;mother;1;1;0;no;no;no;yes;yes;yes;no;no;5;3;2;2;2;5;0;7;397;4;Ing. Sistemas;no;0;2.91;2.95
GP;F;16;U;GT3;T;3;3;other;services;home;mother;1;2;0;yes;yes;no;yes;yes;yes;yes;no;4;3;3;2;4;5;4;6;337;1;Contaduría;no;0;3.23;2.76
GP;M;15;U;GT3;T;4;3;teacher;other;home;mother;1;2;0;no;yes;no;yes;yes;yes;yes;no;4;3;3;2;3;5;0;6;415;4;Administración;no;0;3.02;2.78
GP;M;15;U;GT3;T;4;0;teacher;other;course;mother;2;4;0;no;no;no;yes;yes;yes;yes;no;3;4;3;1;1;1;0;7;316;3;Administración;no;0;3.88;3.86
GP;F;16;U;GT3;T;2;2;other;other;reputation;mother;1;4;0;no;no;no;no;yes;yes;yes;yes;5;2;3;1;3;3;1;1;238;4;Arquitectura;no;0;2.34;2.32
GP;M;17;U;GT3;T;2;1;other;other;home;mother;2;1;3;yes;yes;no;yes;yes;no;yes;no;4;5;1;1;1;3;0;3;402;2;Ing. Ambiental;no;0;2.55;3.14
GP;F;16;U;GT3;T;3;4;at_home;other;course;mother;1;2;0;no;yes;no;no;yes;yes;yes;no;2;4;3;1;2;3;14;1;307;4;Psicología;no;0;3.12;2.7
GP;M;15;U;GT3;T;2;3;other;services;course;father;1;1;0;yes;yes;no;yes;no;yes;yes;yes;3;2;2;1;3;3;0;8;270;5;Ing. Ambiental;no;0;2.12;2.27
GP;M;15;U;GT3;T;2;3;other;other;home;mother;1;3;0;yes;no;no;no;no;yes;yes;no;5;3;2;1;2;5;2;5;350;2;Contaduría;no;0;3.49;3.94
GP;F;15;U;LE3;T;3;2;services;other;reputation;mother;1;2;0;no;yes;no;no;yes;yes;yes;no;4;4;4;1;1;5;4;3;338;1;Derecho;no;0;2.9;3.58
GP;M;15;U;LE3;T;2;2;services;services;home;mother;2;2;0;no;no;yes;yes;yes;yes;yes;no;5;3;3;1;3;4;2;1;391;1;Derecho;no;0;3.88;3.76
GP;F;15;U;GT3;T;1;1;other;other;home;father;1;2;0;no;yes;no;yes;no;yes;yes;no;4;3;2;2;3;4;2;3;394;4;Derecho;no;0;3.79;3.94
GP;F;15;U;GT3;T;4;4;services;services;reputation;father;2;2;0;no;no;no;no;yes;yes;yes;yes;4;4;4;2;3;5;4;3;354;4;Arquitectura;no;0;2.77;2.94
GP;F;16;U;LE3;T;2;2;at_home;other;course;mother;1;2;0;no;yes;no;no;yes;yes;no;no;4;3;4;1;2;2;6;6;305;4;Derecho;no;0;2.92;2.98
GP;F;15;U;GT3;T;4;2;other;other;reputation;mother;1;3;0;no;yes;no;yes;yes;yes;yes;no;5;3;3;1;3;1;4;5;364;2;Contaduría;no;0;3.26;3.23
GP;M;16;U;GT3;T;2;2;services;other;reputation;father;2;2;0;no;no;no;yes;no;yes;yes;no;4;4;2;1;1;3;6;8;358;3;Medicina;yes;30;2.77;2.9
GP;M;16;U;LE3;A;4;4;teacher;health;reputation;mother;1;2;0;no;yes;no;no;yes;yes;no;no;4;1;3;3;5;5;6;4;378;4;Psicología;no;0;3.1;2.34
GP;F;16;U;GT3;T;3;3;other;other;home;mother;1;3;0;no;yes;no;no;yes;yes;yes;yes;4;3;3;1;3;4;2;1;306;3;Contaduría;no;0;2.92;3.12
GP;F;15;U;GT3;T;4;3;services;other;reputation;mother;1;1;0;no;no;no;yes;yes;yes;yes;no;4;5;5;1;3;1;6;6;329;6;Psicología;no;0;2.13;2.17
GP;F;16;U;LE3;T;3;1;other;other;home;father;1;2;0;yes;yes;no;no;yes;yes;no;no;3;3;3;2;3;2;0;7;375;2;Contaduría;no;0;3.31;3.24
GP;F;16;U;GT3;T;4;2;teacher;services;home;mother;2;2;0;no;yes;no;yes;yes;yes;yes;no;5;3;3;1;1;1;2;5;412;4;Derecho;no;0;3.31;3.92
GP;M;15;U;LE3;T;2;2;services;health;reputation;mother;1;4;0;no;yes;no;yes;yes;yes;yes;no;4;3;4;1;1;4;2;7;398;3;Medicina;no;0;3.2;3.0
GP;F;15;R;GT3;T;1;1;at_home;other;home;mother;2;4;0;yes;yes;yes;yes;yes;yes;yes;no;3;1;2;1;1;1;4;4;354;3;Administración;yes;40;4.05;3.93
GP;M;16;R;GT3;T;4;3;services;other;reputation;mother;2;1;0;yes;yes;yes;yes;no;yes;yes;no;3;3;3;1;1;4;6;4;325;4;Ing. Ambiental;no;0;2.38;2.98
GP;F;16;U;GT3;T;2;1;other;other;course;mother;1;2;0;no;yes;no;no;yes;yes;no;yes;4;3;5;1;1;5;0;4;370;4;Enfermería;no;0;3.13;2.88
GP;F;16;U;GT3;T;4;4;other;other;reputation;mother;1;1;0;no;no;no;yes;no;yes;yes;no;5;3;4;1;2;1;4;1;295;6;Medicina;no;0;3.11;2.94
GP;F;16;U;GT3;T;4;3;other;at_home;course;mother;1;3;0;yes;yes;no;no;yes;yes;yes;no;5;3;5;1;1;3;2;1;309;2;Administración;no;0;3.28;3.24
GP;M;16;U;GT3;T;4;4;services;services;other;mother;1;1;0;yes;yes;no;yes;yes;yes;yes;no;4;5;5;5;5;4;12;1;425;2;Ing. Sistemas;no;0;2.93;3.18
GP;M;16;U;GT3;T;4;4;services;teacher;other;father;1;3;0;no;yes;no;yes;yes;yes;yes;yes;4;4;3;1;1;4;0;5;370;4;Contaduría;yes;10;3.04;3.1
GP;M;15;U;GT3;T;4;4;services;other;course;mother;1;1;0;no;yes;yes;yes;no;yes;yes;no;5;3;3;1;1;5;2;3;332;4;Ing. Sistemas;no;0;2.6;2.21
GP;F;15;U;GT3;T;3;2;services;other;home;mother;2;2;0;yes;yes;no;no;yes;yes;yes;no;4;3;5;1;1;2;16;4;391;3;Administración;no;0;2.9;2.74
GP;M;15;U;GT3;A;3;4;services;other;course;mother;1;2;0;no;yes;no;yes;yes;yes;yes;no;5;4;4;1;1;1;0;9;414;1;Medicina;no;0;2.63;2.45
GP;F;15;U;GT3;A;3;3;other;health;reputation;father;1;4;0;yes;no;no;no;yes;yes;no;no;4;3;3;1;1;4;10;2;327;1;Contaduría;no;0;3.51;3.49
GP;F;15;U;GT3;T;2;2;other;other;course;mother;1;4;0;yes;yes;no;no;yes;yes;yes;no;5;1;2;1;1;3;4;3;328;5;Enfermería;no;0;2.83;2.96
GP;M;16;U;GT3;T;3;3;services;other;home;father;1;3;0;no;yes;no;yes;yes;yes;yes;no;5;3;3;1;1;5;4;7;322;2;Derecho;no;0;3.05;3.18
GP;M;15;R;GT3;T;4;4;other;other;home;father;4;4;0;no;yes;no;yes;yes;yes;yes;yes;1;3;5;3;5;1;8;2;398;3;Contaduría;no;0;3.46;2.93
GP;F;16;U;LE3;T;4;4;health;health;other;mother;1;3;0;no;yes;no;yes;yes;yes;yes;yes;5;4;5;1;1;4;2;1;398;2;Contaduría;no;0;3.17;3.49
GP;M;15;U;LE3;A;4;4;teacher;teacher;course;mother;1;1;0;no;no;no;yes;yes;yes;yes;no;5;5;3;1;1;4;4;2;419;3;Medicina;no;0;2.58;2.66
GP;F;16;R;GT3;T;3;3;services;other;reputation;father;1;3;0;yes;yes;no;yes;yes;yes;yes;no;4;1;2;1;1;2;4;2;400;1;Medicina;no;0;3.27;3.69
GP;F;16;U;GT3;T;2;2;at_home;other;home;mother;1;2;1;yes;no;no;yes;yes;yes;yes;no;3;1;2;1;1;5;12;9;268;4;Administración;yes;25;3.24;3.37
GP;M;15;U;LE3;T;4;2;teacher;other;course;mother;1;1;0;no;no;no;no;yes;yes;yes;no;3;5;2;1;1;3;10;7;364;1;Ing. Industrial;no;0;3.14;3.47
GP;M;15;R;GT3;T;2;1;health;services;reputation;mother;1;2;0;no;no;no;yes;yes;yes;yes;yes;5;4;2;1;1;5;4;5;297;5;Contaduría;no;0;2.68;2.82
GP;M;16;U;GT3;T;4;4;teacher;teacher;course;father;1;2;0;no;yes;no;yes;yes;yes;yes;no;5;4;4;1;2;5;6;8;324;2;Ing. Ambiental;no;0;2.4;2.8
GP;M;15;U;GT3;T;4;4;other;teacher;reputation;father;2;2;0;no;yes;no;yes;yes;yes;no;no;4;4;3;1;1;2;4;7;358;4;Contaduría;no;0;2.48;2.64
GP;M;16;U;GT3;T;3;3;other;services;home;father;2;1;0;no;no;no;yes;yes;yes;yes;no;5;4;2;1;1;5;6;2;391;5;Administración;no;0;2.46;2.43
GP;M;17;R;GT3;T;1;3;other;other;course;father;3;2;1;no;yes;no;yes;yes;yes;yes;no;5;2;4;1;4;5;14;8;305;4;Psicología;no;0;2.82;3.5
GP;M;15;U;GT3;T;3;4;other;other;reputation;father;1;1;0;no;no;no;no;yes;yes;yes;no;3;4;3;1;2;4;2;4;233;4;Ing. Sistemas;yes;10;2.32;2.59
GP;F;15;U;GT3;T;1;2;at_home;services;course;mother;1;2;0;no;no;no;no;no;yes;yes;no;3;2;3;1;2;1;0;7;359;3;Derecho;no;0;2.35;2.52
GP;M;15;U;GT3;T;2;2;services;services;home;father;1;4;0;no;yes;no;yes;yes;yes;yes;no;5;5;4;1;2;5;6;8;482;3;Ing. Industrial;no;0;3.37;2.99
GP;F;16;U;LE3;T;2;4;other;health;course;father;2;2;0;no;yes;no;yes;yes;yes;yes;yes;4;2;2;1;2;5;2;3;339;4;Enfermería;no;0;3.09;2.7
GP;M;16;U;GT3;T;4;4;health;other;course;mother;1;1;0;no;yes;no;yes;yes;yes;yes;no;3;4;4;1;4;5;4;1;352;6;Enfermería;no;0;3.0;3.09
GP;F;16;U;GT3;T;2;2;other;other;home;mother;1;2;0;no;no;no;no;yes;yes;yes;yes;5;4;4;1;1;5;0;2;439;4;Enfermería;yes;15;2.72;2.76
GP;M;15;U;GT3;T;3;4;services;services;home;father;1;1;0;yes;no;no;no;yes;yes;yes;no;5;5;5;3;2;5;2;4;379;4;Medicina;no;0;2.49;2.31
GP;F;15;U;LE3;A;3;4;other;other;home;mother;1;2;0;yes;no;no;yes;yes;yes;yes;yes;5;3;2;1;1;1;0;7;360;4;Enfermería;no;0;2.54;2.58
GP;F;19;U;GT3;T;0;1;at_home;other;course;other;1;2;2;no;yes;no;no;no;no;no;no;3;4;2;1;1;5;0;8;372;3;Derecho;no;0;2.98;3.46
GP;M;16;R;GT3;T;4;4;teacher;teacher;course;mother;1;1;0;no;no;no;yes;yes;yes;yes;no;3;5;5;2;5;4;8;1;362;1;Ing. Sistemas;no;0;2.28;2.49
GP;M;16;U;GT3;T;2;3;other;other;course;mother;2;3;0;no;yes;no;no;no;yes;yes;yes;3;2;3;2;2;1;4;4;293;4;Enfermería;no;0;3.59;3.25
GP;F;15;R;GT3;T;3;4;services;teacher;course;father;2;3;0;no;yes;no;no;yes;yes;yes;yes;4;2;2;2;2;5;0;3;282;6;Contaduría;no;0;2.41;2.38
GP;F;18;U;GT3;T;2;1;services;other;reputation;mother;1;2;3;no;yes;no;yes;yes;no;yes;yes;5;4;5;1;3;5;10;2;444;2;Contaduría;no;0;2.82;2.58
GP;F;17;U;LE3;A;2;1;other;other;course;mother;3;1;0;no;yes;no;no;yes;yes;yes;no;3;2;2;1;2;5;8;1;359;4;Medicina;no;0;2.85;2.73
GP;F;15;U;GT3;T;1;1;at_home;other;course;mother;3;1;0;no;yes;no;yes;no;yes;yes;yes;4;3;3;1;2;4;6;3;355;2;Derecho;yes;15;2.79;2.67
GP;F;17;U;LE3;T;2;2;other;other;course;father;1;1;0;no;yes;no;no;yes;yes;yes;yes;3;4;4;1;3;5;2;9;345;4;Ing. Sistemas;no;0;4.05;3.91
GP;F;16;U;GT3;A;3;4;services;other;course;father;1;1;0;no;no;no;no;yes;yes;yes;no;3;2;1;1;4;5;12;3;389;1;Ing. Industrial;yes;30;2.87;2.49
GP;M;16;U;GT3;T;2;1;at_home;other;course;mother;4;1;0;no;no;no;no;yes;yes;no;no;3;2;1;1;1;2;4;4;476;3;Administración;yes;30;2.2;2.16
GP;F;16;U;GT3;A;2;2;other;other;home;mother;1;1;1;no;no;no;no;yes;yes;no;no;5;3;4;1;1;5;12;6;376;5;Ing. Sistemas;no;0;2.65;2.48
GP;M;15;R;GT3;T;3;4;at_home;teacher;course;mother;4;2;0;no;yes;no;no;yes;yes;no;yes;5;3;3;1;1;5;2;3;320;3;Administración;no;0;2.11;1.23
GP;F;15;U;GT3;T;4;4;services;at_home;course;mother;1;3;0;no;yes;no;yes;yes;yes;yes;yes;4;3;3;1;1;5;4;10;343;4;Psicología;no;0;3.26;3.88
GP;M;17;R;GT3;T;3;4;at_home;other;course;mother;3;2;0;no;no;no;no;yes;yes;no;no;5;4;5;2;4;5;2;10;403;5;Administración;no;0;2.58;2.91
GP;F;16;R;GT3;T;1;1;at_home;other;course;mother;4;2;0;no;yes;no;no;yes;yes;no;no;5;1;3;1;1;3;0;2;320;6;Ing. Ambiental;no;0;3.46;3.35
GP;M;18;U;LE3;T;3;1;services;services;course;mother;2;1;0;no;no;no;yes;yes;yes;yes;yes;3;3;4;4;5;4;2;4;392;2;Contaduría;no;0;2.43;2.44
GP;F;18;U;GT3;A;3;2;other;services;course;other;1;3;0;no;yes;no;yes;no;yes;yes;yes;4;3;3;5;1;5;10;3;233;3;Derecho;no;0;3.24;2.89
GP;F;16;R;GT3;T;1;1;other;services;reputation;mother;2;1;0;no;yes;no;yes;yes;yes;no;yes;3;3;3;1;2;1;8;2;338;2;Arquitectura;no;0;2.38;2.89
GP;F;16;U;GT3;A;3;3;other;other;course;other;2;1;0;no;yes;no;yes;no;yes;yes;yes;4;3;2;1;1;5;4;1;381;6;Medicina;no;0;3.57;4.14
GP;M;16;U;LE3;T;1;1;services;other;course;mother;1;2;2;no;no;no;no;yes;yes;no;yes;4;4;4;1;3;5;0;5;413;6;Ing. Ambiental;no;0;2.84;2.89
GP;F;15;U;GT3;T;4;4;teacher;teacher;course;mother;2;1;0;no;no;no;yes;yes;yes;yes;no;4;3;2;1;1;5;6;4;309;4;Administración;no;0;3.62;3.93
GP;F;15;R;GT3;T;1;1;other;other;course;mother;3;1;1;no;no;no;yes;yes;yes;yes;yes;5;5;5;1;1;1;2;1;274;5;Enfermería;no;0;3.11;3.16
GP;M;15;U;GT3;T;4;3;teacher;services;course;father;2;4;0;yes;yes;no;no;yes;yes;yes;no;2;2;2;1;1;3;6;2;336;4;Derecho;no;0;3.84;3.44
GP;F;15;U;GT3;A;3;3;services;services;home;mother;1;2;0;no;no;no;no;no;yes;no;yes;1;3;2;2;3;1;24;9;293;4;Ing. Ambiental;no;0;3.18;3.06
GP;M;16;U;GT3;T;4;4;services;services;course;mother;1;3;0;no;yes;no;yes;yes;yes;yes;no;5;3;3;1;3;5;0;2;342;1;Medicina;no;0;3.5;3.54
GP;M;16;U;LE3;T;2;2;services;services;reputation;father;2;1;0;no;yes;no;yes;yes;yes;yes;no;2;3;3;2;2;2;4;1;349;5;Contaduría;no;0;1.74;1.6
GP;F;15;U;GT3;T;4;4;teacher;services;course;mother;1;3;0;no;yes;no;yes;yes;yes;yes;no;4;2;2;1;1;5;2;4;284;2;Derecho;no;0;3.16;3.09
GP;F;16;U;LE3;T;1;1;at_home;at_home;course;mother;1;1;0;no;no;no;no;yes;yes;yes;no;3;4;4;3;3;1;4;10;390;5;Medicina;no;0;3.12;3.09
GP;M;17;U;GT3;T;2;1;other;other;home;mother;1;1;0;no;yes;no;no;yes;yes;yes;no;5;4;5;1;2;5;22;2;342;5;Psicología;no;0;2.68;2.66
GP;F;15;U;GT3;T;1;1;other;services;course;father;1;2;0;no;yes;no;no;yes;yes;yes;no;4;4;2;1;2;5;0;6;404;4;Psicología;no;0;2.3;2.32
GP;F;15;U;LE3;A;2;1;at_home;other;home;mother;2;1;0;no;yes;no;yes;yes;no;yes;yes;4;4;2;1;1;5;0;7;257;1;Medicina;no;0;2.67;2.35
GP;F;15;U;GT3;T;3;2;health;services;home;father;1;2;1;no;yes;no;no;yes;yes;yes;no;3;3;2;1;1;3;2;2;299;3;Ing. Ambiental;no;0;3.85;3.63
GP;F;15;U;GT3;T;1;2;at_home;other;course;mother;1;2;0;no;yes;no;no;no;yes;yes;no;4;3;2;1;1;5;6;6;375;3;Derecho;no;0;3.62;3.23
GP;F;15;U;GT3;T;1;2;at_home;services;course;father;1;2;0;no;no;no;no;no;yes;no;yes;2;3;4;2;4;1;6;3;310;3;Ing. Ambiental;yes;35;2.97;3.26
GP;M;16;U;GT3;T;4;4;teacher;teacher;course;mother;1;1;0;no;yes;no;no;yes;no;yes;yes;3;3;2;2;1;5;16;5;341;1;Ing. Industrial;no;0;3.18;2.55
GP;M;15;U;LE3;A;2;1;services;other;course;mother;4;1;0;no;no;no;no;yes;yes;yes;no;4;5;5;2;5;5;0;5;350;6;Administración;yes;40;2.52;2.87
GP;M;18;U;LE3;T;1;1;other;other;course;mother;1;1;2;no;no;no;no;yes;no;yes;yes;2;3;5;2;5;4;0;4;357;4;Ing. Industrial;no;0;1.85;2.27
GP;M;16;U;LE3;T;2;1;at_home;other;course;mother;1;1;1;no;no;no;yes;yes;yes;no;yes;4;4;4;3;5;5;6;1;316;3;Psicología;no;0;2.24;2.15
GP;F;15;R;GT3;T;3;3;services;services;reputation;other;2;3;0;no;yes;yes;yes;yes;yes;yes;yes;4;2;1;2;3;3;2;8;357;3;Contaduría;no;0;4.08;3.3
GP;M;19;U;GT3;T;3;2;services;at_home;home;mother;1;1;0;no;yes;no;no;yes;no;yes;yes;4;5;4;1;1;4;6;3;310;3;Ing. Sistemas;no;0;2.56;2.45
GP;F;17;U;GT3;T;4;4;other;teacher;course;mother;1;1;0;yes;yes;no;no;yes;yes;no;yes;4;2;1;1;1;4;0;2;383;4;Administración;no;0;2.58;2.56
GP;M;15;R;GT3;T;2;3;at_home;services;course;mother;1;2;0;yes;no;yes;yes;yes;yes;no;no;4;4;4;1;1;1;0;1;344;4;Psicología;no;0;2.85;2.55
GP;M;17;R;LE3;T;1;2;other;other;reputation;mother;1;1;3;no;no;no;no;yes;yes;no;no;2;2;2;3;3;5;14;5;357;6;Ing. Ambiental;yes;15;3.65;3.5
GP;F;18;R;GT3;T;1;1;at_home;other;course;mother;3;1;3;no;yes;no;yes;no;yes;no;no;5;2;5;1;5;4;6;6;478;3;Ing. Ambiental;no;0;3.51;3.97
GP;M;16;R;GT3;T;2;2;at_home;other;course;mother;3;1;0;no;no;no;no;no;yes;no;no;4;2;2;1;2;3;4;1;294;6;Ing. Ambiental;yes;25;3.81;4.01
GP;M;16;U;GT3;T;3;3;other;services;course;father;1;2;1;no;yes;no;no;yes;yes;yes;yes;4;5;5;4;4;5;0;4;419;5;Contaduría;no;0;2.92;2.64
GP;M;16;U;LE3;T;1;2;health;services;course;mother;2;1;2;no;no;no;no;no;yes;yes;no;4;4;5;3;5;5;0;2;217;2;Ing. Industrial;no;0;2.85;2.37
GP;M;17;R;LE3;T;2;1;at_home;other;course;mother;2;1;1;no;no;yes;yes;yes;no;yes;yes;3;3;2;2;2;5;8;6;246;6;Ing. Sistemas;no;0;1.94;1.84
GP;M;17;R;GT3;T;3;2;other;other;course;mother;2;2;2;yes;yes;no;no;yes;yes;yes;yes;4;4;4;1;4;3;4;2;287;2;Ing. Ambiental;no;0;3.74;3.68
GP;M;15;U;LE3;T;1;2;other;other;course;mother;2;1;0;no;no;no;yes;yes;yes;no;no;4;4;4;2;4;5;2;6;291;5;Arquitectura;no;0;2.12;2.27
GP;M;16;U;GT3;T;1;3;at_home;services;course;father;1;1;1;no;no;no;no;yes;no;yes;no;5;3;3;1;4;2;2;3;360;3;Administración;no;0;2.81;2.65
GP;M;17;R;LE3;T;1;1;other;services;course;mother;4;2;0;no;no;no;yes;yes;no;no;yes;5;3;5;1;5;5;0;9;364;5;Derecho;yes;10;2.45;2.6
GP;M;17;U;GT3;T;3;2;services;services;course;mother;2;1;3;no;yes;no;yes;no;no;no;no;4;5;2;1;1;2;10;1;337;5;Arquitectura;yes;20;2.41;2.99
GP;M;16;U;GT3;T;2;2;other;other;course;father;1;2;0;no;no;no;no;yes;no;yes;no;4;3;5;2;4;4;0;3;342;5;Ing. Sistemas;yes;30;2.58;2.82
GP;F;16;U;GT3;T;4;2;health;services;home;father;1;2;0;no;no;no;no;yes;yes;yes;yes;4;2;3;1;1;3;0;1;376;5;Contaduría;no;0;2.7;2.69
GP;F;16;U;GT3;T;2;2;other;other;home;mother;1;2;0;no;yes;no;no;no;yes;yes;no;5;1;5;1;1;4;0;9;391;3;Ing. Sistemas;no;0;2.73;2.68
GP;F;16;U;GT3;T;4;4;health;health;reputation;mother;1;2;0;no;yes;no;no;yes;yes;yes;yes;4;4;2;1;1;3;0;8;283;1;Derecho;no;0;2.73;2.62
GP;M;16;U;GT3;T;3;4;other;other;course;father;3;1;1;no;yes;no;yes;no;yes;yes;no;3;4;5;2;4;2;4;2;331;3;Administración;no;0;3.12;3.47
GP;M;16;U;GT3;T;1;0;other;other;reputation;mother;2;2;0;no;yes;no;yes;yes;yes;yes;yes;4;3;2;1;1;3;0;6;346;2;Derecho;no;0;2.45;2.26
GP;M;17;U;LE3;T;4;4;teacher;other;reputation;mother;1;2;0;no;yes;no;yes;yes;yes;yes;no;4;4;4;1;3;5;0;7;374;4;Medicina;no;0;3.11;3.12
GP;F;16;U;GT3;T;1;3;at_home;services;home;mother;1;2;0;no;no;no;yes;no;yes;yes;yes;4;3;5;1;1;3;0;5;311;3;Administración;no;0;3.61;3.63
GP;F;16;U;LE3;T;3;3;other;other;reputation;mother;2;2;0;no;yes;no;yes;yes;yes;yes;no;4;4;5;1;1;4;0;4;345;6;Ing. Sistemas;no;0;2.74;2.59
GP;M;17;U;LE3;T;4;3;teacher;other;course;mother;2;2;0;no;no;no;yes;yes;yes;yes;no;4;4;4;4;4;4;0;2;351;4;Ing. Ambiental;no;0;2.64;2.23
GP;F;16;U;GT3;T;2;2;services;other;reputation;mother;2;2;0;no;no;no;yes;no;yes;yes;no;3;4;4;1;4;5;0;1;314;5;Ing. Sistemas;no;0;2.88;2.98
GP;M;17;U;GT3;T;3;3;other;other;reputation;father;1;2;0;no;no;no;yes;no;yes;yes;no;4;3;4;1;4;4;4;8;313;2;Ing. Sistemas;no;0;3.59;3.57
GP;M;16;R;GT3;T;4;2;teacher;services;other;mother;1;1;0;no;yes;no;yes;yes;yes;yes;yes;4;3;3;3;4;3;8;9;354;5;Administración;yes;20;2.8;2.95
GP;M;17;U;GT3;T;4;3;other;other;course;mother;1;2;0;no;yes;yes;yes;yes;yes;yes;yes;5;2;3;1;1;2;4;5;343;6;Medicina;no;0;2.73;2.57
GP;M;16;U;GT3;T;4;3;teacher;other;home;mother;1;2;0;no;yes;yes;yes;yes;yes;yes;no;3;4;3;2;3;3;4;3;375;3;Ing. Sistemas;no;0;3.24;3.61
GP;M;16;U;GT3;T;3;3;services;other;home;mother;1;2;0;no;no;no;yes;yes;yes;yes;yes;4;2;3;1;2;3;0;3;297;4;Arquitectura;no;0;2.45;2.19
GP;F;17;U;GT3;T;2;4;services;services;reputation;father;1;2;0;no;yes;no;yes;yes;yes;no;no;5;4;2;2;3;5;0;6;332;5;Psicología;no;0;3.34;3.85
GP;F;17;U;LE3;T;3;3;other;other;reputation;mother;1;2;0;no;yes;no;yes;yes;yes;yes;yes;5;3;3;2;3;1;32;8;338;2;Enfermería;yes;25;3.2;2.68
GP;F;16;U;GT3;T;3;2;other;other;reputation;mother;1;2;0;no;yes;no;no;yes;yes;yes;no;1;2;2;1;2;1;8;8;390;4;Enfermería;no;0;2.85;2.98
GP;M;17;U;GT3;T;3;3;services;services;other;mother;1;2;0;no;yes;no;yes;yes;yes;yes;yes;4;3;4;2;3;4;6;7;302;3;Ing. Sistemas;no;0;2.58;2.72
GP;M;16;U;GT3;T;1;2;services;services;other;mother;1;1;0;no;yes;no;yes;yes;yes;yes;yes;3;3;3;1;2;3;0;6;361;2;Arquitectura;no;0;2.26;2.02
GP;M;16;U;LE3;T;2;1;other;other;course;mother;1;2;0;no;no;no;yes;yes;yes;yes;yes;4;2;3;1;2;5;0;1;362;3;Ing. Ambiental;no;0;3.27;3.4
GP;F;17;U;GT3;A;3;3;health;other;reputation;mother;1;2;0;no;yes;no;no;no;yes;yes;yes;3;3;3;1;3;3;10;2;432;1;Contaduría;no;0;3.61;3.99
GP;M;17;R;GT3;T;1;2;at_home;other;home;mother;1;2;0;no;no;no;no;yes;yes;no;no;3;1;3;1;5;3;6;8;299;1;Contaduría;no;0;2.68;2.01
GP;F;16;U;GT3;T;2;3;services;services;course;mother;1;2;0;no;no;no;no;yes;yes;yes;no;4;3;3;1;1;2;6;5;317;2;Administración;no;0;3.23;3.38
GP;F;17;U;GT3;T;1;1;at_home;services;course;mother;1;2;0;no;no;no;yes;yes;yes;yes;no;5;3;3;1;1;3;0;1;303;6;Enfermería;no;0;1.96;1.21
GP;M;17;U;GT3;T;1;2;at_home;services;other;other;2;2;0;no;no;no;yes;no;yes;yes;no;4;4;4;4;5;5;16;1;266;4;Ing. Sistemas;yes;30;2.71;2.42
GP;M;16;R;GT3;T;3;3;services;services;reputation;mother;1;1;0;no;yes;no;yes;yes;yes;yes;no;4;3;2;3;4;5;0;6;438;6;Contaduría;no;0;2.68;3.17
GP;M;16;U;GT3;T;2;3;other;other;home;father;2;1;0;no;no;no;no;yes;yes;yes;no;5;3;3;1;1;3;0;1;287;3;Ing. Sistemas;no;0;2.25;2.08
GP;F;17;U;LE3;T;2;4;services;services;course;father;1;2;0;no;no;no;yes;yes;yes;yes;yes;4;3;2;1;1;5;8;2;309;3;Administración;no;0;2.53;2.18
GP;M;17;U;GT3;T;4;4;services;teacher;home;mother;1;1;0;no;no;no;no;yes;yes;yes;no;5;2;3;1;2;5;4;5;415;4;Enfermería;no;0;2.37;2.31
GP;M;16;R;LE3;T;3;3;teacher;other;home;father;3;1;0;no;yes;no;yes;yes;yes;yes;no;3;3;4;3;5;3;16;6;262;3;Derecho;no;0;2.85;3.47
GP;F;17;U;GT3;T;4;4;services;teacher;home;mother;2;1;1;no;yes;no;no;yes;yes;yes;no;4;2;4;2;3;2;30;6;387;2;Psicología;no;0;2.61;2.06
GP;F;16;U;LE3;T;4;4;teacher;teacher;reputation;mother;1;2;0;no;yes;no;no;yes;yes;yes;no;4;5;2;1;2;3;0;2;279;4;Psicología;no;0;1.88;1.56
GP;F;16;U;GT3;T;4;3;health;other;home;mother;1;2;0;no;yes;no;yes;yes;yes;yes;no;4;3;5;1;5;2;2;6;412;2;Contaduría;no;0;1.94;2.39
GP;F;16;U;GT3;T;2;3;other;other;reputation;mother;1;2;0;yes;yes;no;yes;yes;yes;no;no;4;4;3;1;3;4;4;2;241;4;Psicología;no;0;2.7;3.26
GP;F;17;U;GT3;T;1;1;other;other;course;mother;1;2;0;no;yes;no;no;no;yes;no;no;4;4;4;1;3;1;0;3;262;4;Derecho;no;0;3.23;3.2
GP;F;17;R;GT3;T;2;2;other;other;reputation;mother;1;1;0;no;yes;no;no;yes;yes;yes;no;5;3;2;1;2;3;21;7;322;2;Ing. Sistemas;no;0;1.33;0.96
GP;F;16;R;GT3;T;2;2;services;services;reputation;mother;2;4;0;no;yes;no;yes;no;yes;yes;no;5;3;5;1;1;5;6;6;398;1;Administración;no;0;3.35;3.98
GP;F;17;U;GT3;T;3;4;at_home;services;home;mother;1;3;1;no;yes;yes;no;yes;yes;yes;yes;4;4;3;3;4;5;14;8;348;5;Derecho;yes;20;3.04;3.52
GP;F;16;U;GT3;A;3;1;services;other;course;mother;1;2;0;no;yes;no;no;yes;yes;yes;no;2;3;3;2;2;4;2;6;333;3;Administración;no;0;3.69;3.89
GP;F;16;U;GT3;T;4;3;teacher;other;other;mother;1;2;0;no;no;no;yes;yes;yes;yes;yes;1;3;2;1;1;1;4;5;417;1;Administración;no;0;2.81;2.57
GP;F;16;U;GT3;T;1;1;at_home;other;home;mother;2;1;0;no;yes;no;no;yes;yes;no;no;4;3;2;1;4;5;2;1;457;6;Enfermería;no;0;2.89;2.88
GP;F;17;R;GT3;T;4;3;teacher;other;reputation;mother;2;3;0;no;yes;no;yes;yes;yes;yes;yes;4;4;2;1;1;4;0;3;383;1;Ing. Sistemas;no;0;3.37;3.32
GP;F;19;U;GT3;T;3;3;other;other;reputation;other;1;4;0;no;yes;no;yes;yes;yes;yes;no;4;3;3;1;2;3;4;2;318;4;Arquitectura;no;0;2.53;2.63
GP;M;17;U;LE3;T;4;4;services;other;home;mother;1;2;0;no;yes;no;no;yes;yes;yes;yes;5;3;5;4;5;3;15;2;329;6;Psicología;yes;40;3.38;3.82
GP;F;16;U;GT3;A;2;2;other;other;reputation;mother;1;2;0;yes;yes;no;no;yes;yes;yes;no;3;3;4;1;1;4;0;10;285;2;Arquitectura;no;0;3.11;3.37
GP;M;18;U;GT3;T;2;2;services;other;home;mother;1;2;0;no;yes;no;yes;yes;yes;yes;no;4;4;4;2;4;5;10;3;355;2;Enfermería;yes;25;3.25;2.93
GP;F;17;R;LE3;T;4;4;services;other;other;mother;1;1;0;no;yes;no;no;yes;yes;no;no;5;2;1;1;2;3;6;8;268;2;Administración;no;0;4.66;5.0
GP;F;17;U;LE3;T;3;2;other;other;reputation;mother;2;2;0;no;no;no;no;yes;yes;yes;no;4;4;4;1;3;1;2;5;377;3;Contaduría;no;0;1.96;2.05
GP;F;17;U;GT3;T;4;3;other;other;reputation;mother;1;2;0;no;no;no;no;yes;yes;yes;yes;3;4;5;2;4;1;16;7;450;2;Psicología;no;0;3.86;4.07
GP;M;18;U;LE3;T;3;3;services;health;home;father;1;2;0;no;yes;no;no;yes;yes;yes;no;3;2;4;2;4;4;10;4;385;4;Psicología;no;0;2.86;3.3
GP;F;17;U;GT3;T;2;3;at_home;other;home;father;2;1;0;no;yes;no;no;yes;yes;no;no;3;3;3;1;4;3;4;5;326;1;Ing. Sistemas;no;0;2.84;2.51
GP;F;17;U;GT3;T;2;2;at_home;at_home;course;mother;1;3;0;no;yes;no;yes;yes;yes;yes;no;4;3;3;1;1;4;0;4;376;4;Medicina;no;0;3.28;3.27
GP;F;17;R;GT3;T;2;1;at_home;services;reputation;mother;2;2;0;no;yes;no;yes;yes;yes;yes;no;4;2;5;1;2;5;0;2;431;6;Ing. Industrial;yes;10;2.79;2.63
GP;F;17;U;GT3;T;1;1;at_home;other;reputation;mother;1;3;0;no;yes;no;yes;yes;yes;no;yes;4;3;4;1;1;5;12;6;428;5;Ing. Industrial;no;0;3.02;2.55
GP;F;16;U;GT3;T;2;3;services;teacher;other;mother;1;2;0;yes;no;no;no;yes;yes;yes;no;2;3;1;1;1;3;0;2;299;4;Ing. Industrial;no;0;3.16;3.26
GP;M;18;U;GT3;T;2;2;other;other;home;mother;2;2;3;no;yes;yes;no;yes;yes;yes;no;3;3;3;5;5;4;9;1;375;3;Medicina;no;0;2.24;2.99
GP;F;16;U;GT3;T;4;4;teacher;services;home;mother;1;3;0;no;yes;no;yes;no;yes;yes;no;5;3;2;1;1;5;4;6;342;4;Ing. Sistemas;no;0;3.68;3.13
GP;F;18;R;GT3;T;3;1;other;other;reputation;mother;1;2;0;no;no;no;yes;yes;yes;yes;yes;5;3;3;1;1;4;4;2;390;4;Medicina;no;0;2.79;2.78
GP;F;17;U;GT3;T;3;2;other;other;course;mother;1;2;0;no;no;no;yes;no;yes;yes;no;5;3;4;1;3;3;2;9;369;3;Ing. Industrial;no;0;2.43;2.62
GP;M;17;U;LE3;T;2;3;services;services;reputation;father;1;2;0;no;yes;no;no;no;yes;yes;no;5;3;3;1;3;3;0;9;231;2;Enfermería;yes;40;2.77;2.81
GP;M;18;U;LE3;T;2;1;at_home;other;course;mother;4;2;0;yes;yes;no;yes;yes;yes;yes;yes;4;3;2;4;5;3;2;9;332;5;Derecho;no;0;3.63;3.6
GP;F;17;U;GT3;A;2;1;other;other;course;mother;2;3;0;no;no;no;yes;yes;yes;yes;yes;3;2;3;1;2;3;0;3;359;3;Administración;no;0;3.03;2.64
GP;F;17;U;LE3;T;4;3;health;other;reputation;father;1;2;0;no;no;no;yes;yes;yes;yes;yes;3;2;3;1;2;3;0;1;278;2;Medicina;no;0;3.18;3.25
GP;M;17;R;GT3;T;2;2;other;other;course;father;2;2;0;no;yes;no;yes;yes;yes;yes;no;4;5;2;1;1;1;0;9;379;3;Ing. Sistemas;no;0;2.63;2.4
GP;M;17;U;GT3;T;4;4;teacher;teacher;reputation;mother;1;2;0;yes;yes;no;yes;yes;yes;yes;yes;4;5;5;1;3;2;0;4;273;3;Ing. Sistemas;yes;25;3.38;2.72
GP;M;16;U;GT3;T;4;4;health;other;reputation;father;1;2;0;no;yes;no;yes;yes;yes;yes;no;4;2;4;2;4;1;0;10;310;5;Arquitectura;no;0;3.34;3.7
GP;M;16;U;LE3;T;1;1;other;other;home;mother;2;2;0;no;yes;no;no;yes;yes;yes;no;3;4;2;1;1;5;2;10;417;4;Derecho;no;0;3.92;4.21
GP;M;16;U;GT3;T;3;2;at_home;other;reputation;mother;2;3;0;no;no;no;yes;yes;yes;yes;yes;5;3;3;1;3;2;0;8;305;5;Contaduría;yes;35;3.21;3.23
GP;M;17;U;LE3;T;2;2;other;other;home;father;1;2;0;no;no;no;yes;no;yes;yes;yes;4;4;2;5;5;4;0;2;378;1;Psicología;yes;30;3.33;3.4
GP;F;16;U;GT3;T;2;1;other;other;home;mother;1;1;0;no;no;no;no;yes;yes;yes;yes;4;5;2;1;1;5;4;3;262;3;Ing. Industrial;no;0;2.75;3.07
GP;F;16;U;GT3;A;4;1;other;other;home;mother;1;2;0;no;no;no;yes;yes;yes;yes;yes;5;3;3;1;2;5;0;8;454;3;Contaduría;no;0;3.65;3.72
GP;F;18;U;LE3;A;2;4;services;other;course;mother;2;2;1;no;yes;no;no;yes;yes;yes;no;4;3;3;1;1;3;18;3;334;1;Arquitectura;no;0;2.64;2.91
GP;F;18;U;LE3;T;2;2;at_home;services;course;mother;1;2;1;no;yes;no;no;no;yes;yes;yes;5;3;1;1;1;5;16;2;354;3;Ing. Industrial;no;0;3.37;3.28
GP;F;18;U;GT3;T;3;3;other;other;course;mother;2;1;1;no;no;no;no;yes;no;yes;no;4;1;1;1;1;3;14;5;358;5;Derecho;no;0;2.6;2.99
GP;M;18;U;GT3;T;2;2;other;at_home;course;other;1;1;1;no;yes;no;yes;no;no;yes;yes;4;4;3;2;2;1;26;9;380;2;Arquitectura;no;0;2.67;2.77
GP;M;17;U;GT3;T;4;4;teacher;teacher;course;mother;1;1;0;no;yes;no;yes;no;yes;yes;no;4;2;1;1;2;5;6;6;274;4;Ing. Industrial;no;0;2.75;2.81
GP;F;17;U;GT3;T;3;2;other;other;course;father;1;2;0;no;no;no;yes;yes;yes;no;no;5;4;2;1;1;3;4;5;349;2;Derecho;no;0;3.13;2.75
GP;F;17;U;LE3;T;1;1;at_home;at_home;course;mother;1;3;0;no;yes;no;yes;yes;yes;yes;yes;4;3;2;1;2;4;10;1;317;1;Ing. Ambiental;no;0;3.24;3.33
GP;F;16;U;GT3;T;1;2;other;other;course;mother;1;1;0;no;no;no;no;yes;no;yes;no;5;3;5;1;2;5;4;5;265;2;Contaduría;no;0;2.81;2.56
GP;F;17;R;GT3;T;2;1;at_home;services;course;mother;3;2;0;no;no;no;yes;yes;yes;no;no;2;1;1;1;1;3;2;10;399;6;Contaduría;yes;15;3.79;3.6
GP;F;17;R;LE3;A;1;4;other;other;course;other;4;1;1;no;yes;no;no;yes;yes;yes;no;5;5;4;1;1;5;14;1;332;5;Psicología;no;0;3.19;2.95
GP;M;18;U;GT3;T;2;2;other;services;reputation;father;1;2;0;no;no;no;no;yes;no;yes;no;5;5;4;3;5;2;16;4;362;6;Derecho;no;0;3.43;3.11
GP;F;17;U;LE3;A;2;2;other;other;home;mother;1;1;1;no;yes;no;no;no;no;yes;no;3;1;2;1;1;1;8;8;358;3;Medicina;no;0;2.47;3.11
GP;F;17;R;LE3;T;1;1;at_home;other;course;mother;2;3;0;no;no;no;yes;yes;yes;yes;no;4;3;3;1;3;5;4;7;333;2;Ing. Ambiental;no;0;2.86;3.26
GP;F;17;U;LE3;A;4;2;teacher;other;course;mother;1;2;0;no;yes;no;yes;yes;yes;no;no;4;3;2;1;1;4;4;6;448;4;Enfermería;no;0;3.48;4.06
GP;M;17;U;LE3;T;4;3;health;other;course;mother;2;2;0;no;no;no;yes;yes;yes;yes;yes;2;5;5;1;4;5;8;6;347;3;Ing. Industrial;no;0;3.44;3.07
GP;M;17;R;LE3;A;4;4;teacher;other;course;mother;2;2;0;no;yes;no;no;yes;yes;yes;no;3;3;3;2;3;4;0;3;272;5;Ing. Ambiental;yes;10;3.74;3.76
GP;M;16;U;LE3;T;4;3;teacher;other;course;mother;1;1;0;no;no;no;yes;no;yes;yes;no;5;4;5;1;1;3;7;2;329;1;Derecho;no;0;2.4;2.01
GP;M;16;U;GT3;T;4;4;services;services;course;mother;1;1;0;no;no;yes;yes;yes;yes;yes;no;5;3;2;1;2;5;4;7;374;3;Administración;no;0;2.59;2.38
GP;F;17;U;GT3;T;4;4;teacher;services;course;mother;1;2;0;no;yes;yes;no;yes;yes;yes;yes;5;3;1;1;4;5;2;7;376;2;Ing. Industrial;no;0;2.18;1.9
GP;M;17;R;GT3;T;1;1;other;other;home;father;2;3;0;no;no;no;no;no;yes;yes;yes;4;3;3;1;1;1;2;8;295;3;Ing. Sistemas;yes;40;3.1;3.47
GP;F;17;U;GT3;T;3;3;services;other;home;mother;2;3;0;no;yes;no;no;yes;yes;yes;yes;4;2;2;2;3;5;10;9;396;4;Contaduría;no;0;3.8;3.68
GP;F;17;U;GT3;T;1;1;at_home;other;course;mother;1;2;0;yes;no;no;no;no;yes;no;yes;4;3;2;1;1;4;10;4;261;3;Derecho;no;0;2.77;3.09
GP;F;18;U;GT3;T;2;1;other;other;course;other;2;3;0;no;yes;no;no;no;yes;yes;yes;4;4;4;1;1;3;10;4;407;3;Ing. Sistemas;no;0;3.62;3.8
GP;M;16;U;GT3;T;2;1;other;other;course;mother;3;1;0;no;no;no;no;yes;yes;yes;no;4;3;3;1;1;4;7;7;284;3;Psicología;no;0;2.6;3.29
GP;F;17;U;GT3;T;1;1;other;services;course;father;1;2;0;no;yes;no;no;yes;yes;no;no;4;3;4;1;2;5;4;6;338;3;Arquitectura;no;0;3.16;2.72
GP;M;17;U;GT3;T;2;3;other;other;course;father;2;1;0;no;no;no;no;yes;yes;yes;no;5;2;2;1;1;2;2;6;403;5;Enfermería;no;0;2.13;2.51
GP;M;22;U;GT3;T;3;1;services;services;other;mother;1;1;3;no;no;no;no;no;no;yes;yes;5;4;5;5;5;1;12;7;355;5;Enfermería;no;0;2.74;3.08
GP;M;18;R;LE3;T;3;3;other;services;course;mother;1;2;0;no;yes;no;no;yes;yes;yes;yes;4;3;3;1;3;5;8;8;390;6;Ing. Sistemas;no;0;1.5;1.21
GP;M;16;U;GT3;T;0;2;other;other;other;mother;1;1;0;no;no;no;no;no;yes;yes;no;4;3;2;2;4;5;0;3;380;5;Contaduría;yes;40;2.61;2.91
GP;M;18;U;GT3;T;3;2;services;other;course;mother;2;1;0;no;no;no;no;yes;no;yes;no;4;4;5;2;4;5;8;3;414;3;Psicología;no;0;1.88;1.98
GP;M;16;U;GT3;T;3;3;at_home;other;reputation;other;3;2;1;yes;yes;no;no;no;yes;yes;no;5;3;3;1;3;2;4;1;403;4;Administración;no;0;3.6;3.53
GP;M;18;U;GT3;T;2;1;services;services;other;mother;1;1;2;no;no;no;no;no;no;yes;no;3;2;5;2;5;5;4;5;327;3;Contaduría;no;0;3.09;2.84
GP;M;16;R;GT3;T;2;1;other;other;course;mother;2;1;0;no;no;no;yes;no;yes;no;no;3;3;2;1;3;3;2;1;381;3;Ing. Ambiental;yes;20;2.93;2.71
GP;M;17;R;GT3;T;2;1;other;other;course;mother;1;1;0;no;no;no;no;no;yes;yes;no;4;4;2;2;4;5;0;4;273;5;Enfermería;no;0;3.46;4.07
GP;M;17;U;LE3;T;1;1;health;other;course;mother;2;1;1;no;yes;no;yes;yes;yes;yes;no;4;4;4;1;2;5;0;5;347;1;Ing. Ambiental;no;0;2.23;2.23
GP;F;18;U;LE3;A;2;1;other;other;course;mother;1;2;0;no;yes;no;no;no;yes;yes;yes;4;3;4;1;3;5;2;2;390;6;Ing. Industrial;yes;30;3.87;4.1
GP;F;17;U;LE3;T;4;2;teacher;services;reputation;mother;1;4;0;no;yes;no;yes;yes;yes;yes;no;4;2;3;1;1;4;2;5;356;3;Medicina;yes;15;4.07;3.83
GP;F;19;U;GT3;T;2;2;services;services;home;mother;1;2;0;no;yes;no;no;yes;yes;yes;no;4;3;3;1;1;5;0;1;372;4;Derecho;yes;25;2.88;2.65
GP;M;18;U;LE3;T;2;1;services;other;course;mother;3;2;1;no;no;no;yes;no;no;yes;no;4;4;5;4;4;5;4;1;339;4;Psicología;no;0;3.57;3.89
GP;F;17;R;GT3;T;4;2;other;other;course;mother;1;3;0;no;yes;no;yes;yes;yes;yes;no;4;3;4;1;3;5;2;8;406;5;Contaduría;yes;15;2.75;2.35
GP;F;18;U;LE3;T;1;1;other;at_home;home;mother;1;3;0;no;yes;no;no;no;yes;no;no;4;4;3;2;3;3;4;3;345;4;Enfermería;yes;30;2.89;2.77
GP;F;18;R;GT3;T;2;2;other;other;home;mother;1;2;0;yes;no;no;no;yes;yes;no;no;3;2;3;1;1;5;4;1;326;4;Ing. Ambiental;no;0;2.7;2.71
GP;M;19;U;LE3;A;4;3;services;at_home;reputation;mother;1;2;0;no;yes;no;no;yes;yes;yes;no;4;3;1;1;1;1;4;4;394;1;Arquitectura;no;0;2.74;2.77
GP;M;18;U;GT3;T;2;1;other;other;home;mother;1;2;0;no;no;no;yes;yes;yes;yes;no;5;2;4;1;2;4;2;7;279;4;Ing. Industrial;yes;30;2.47;2.42
GP;M;17;R;GT3;T;2;2;other;services;other;mother;2;1;0;no;no;no;no;no;no;no;no;5;2;2;1;1;4;0;2;375;2;Derecho;yes;35;3.31;3.43
GP;F;17;U;LE3;T;2;2;services;services;course;father;1;4;0;no;no;no;yes;yes;yes;yes;yes;3;4;1;1;1;2;2;5;297;4;Derecho;yes;35;3.47;3.68
GP;F;20;R;GT3;T;2;1;other;other;course;other;2;2;0;no;yes;yes;yes;yes;no;yes;yes;1;2;3;1;2;2;8;1;413;4;Contaduría;no;0;3.18;3.4
GP;F;18;U;GT3;T;4;3;services;other;home;father;1;2;0;no;yes;no;no;yes;yes;yes;yes;3;1;2;1;3;2;2;1;336;4;Psicología;no;0;2.71;2.41
GP;M;18;U;GT3;T;4;3;teacher;other;course;mother;1;2;0;no;yes;no;no;no;yes;yes;no;4;3;2;1;1;3;2;4;356;1;Administración;yes;15;2.09;2.0
GP;M;18;R;GT3;T;3;2;other;other;course;mother;1;3;0;no;no;no;yes;no;yes;no;no;5;3;2;1;1;3;2;5;370;1;Arquitectura;yes;25;3.44;3.8
GP;F;17;U;GT3;T;3;3;other;other;home;mother;1;3;0;no;no;no;yes;no;yes;no;no;3;2;3;1;1;4;2;5;253;4;Contaduría;no;0;2.34;2.61
GP;F;18;U;GT3;T;2;2;at_home;services;home;mother;1;3;0;no;yes;no;yes;yes;yes;yes;yes;4;3;3;1;1;3;0;6;317;1;Ing. Ambiental;no;0;3.27;2.86
GP;M;17;U;GT3;T;2;2;other;other;home;father;2;1;0;no;no;no;no;yes;no;yes;no;4;4;4;2;3;4;8;10;402;1;Medicina;no;0;2.02;2.13
GP;M;18;R;LE3;A;3;4;other;other;reputation;mother;2;2;0;no;yes;no;yes;yes;yes;yes;no;4;2;5;3;4;1;6;4;393;1;Ing. Sistemas;no;0;3.99;3.4
GP;M;17;U;GT3;T;3;1;services;other;other;mother;1;2;0;no;no;no;yes;yes;yes;yes;yes;5;4;4;3;4;5;0;3;364;6;Administración;no;0;3.46;3.47
GP;F;18;R;GT3;T;4;4;teacher;other;reputation;mother;2;2;0;no;no;no;yes;yes;yes;yes;no;4;3;4;2;2;4;8;7;282;4;Psicología;no;0;3.05;3.62
GP;M;18;U;GT3;T;4;2;health;other;reputation;father;1;2;0;no;yes;no;yes;yes;yes;yes;yes;5;4;5;1;3;5;4;2;379;3;Ing. Industrial;no;0;3.63;3.35
GP;F;18;R;GT3;T;2;1;other;other;reputation;mother;2;2;0;no;yes;no;no;yes;no;yes;yes;4;3;5;1;2;3;12;4;385;3;Administración;no;0;2.58;2.33
GP;F;19;U;GT3;T;3;3;other;services;home;other;1;2;0;no;yes;no;yes;yes;yes;yes;no;4;3;5;3;3;5;16;1;352;3;Enfermería;no;0;3.27;3.5
GP;F;18;U;GT3;T;2;3;other;services;reputation;father;1;4;0;no;yes;no;yes;yes;yes;yes;yes;4;5;5;1;3;2;10;1;411;5;Psicología;yes;15;3.7;3.24
GP;F;18;U;LE3;T;1;1;other;other;home;mother;2;2;0;no;yes;no;no;no;yes;no;no;4;4;3;1;1;3;2;10;315;4;Medicina;no;0;3.13;2.94
GP;M;17;R;GT3;T;1;2;at_home;at_home;home;mother;1;2;0;no;yes;no;yes;no;yes;no;yes;3;5;2;2;2;1;2;8;324;2;Enfermería;yes;30;3.64;3.82
GP;F;18;U;GT3;T;2;1;other;other;home;mother;1;2;0;no;yes;no;no;yes;yes;yes;yes;4;2;5;1;2;1;8;6;225;2;Administración;no;0;3.37;3.18
GP;F;17;U;GT3;T;2;4;at_home;health;reputation;mother;2;2;0;no;yes;no;no;yes;yes;yes;yes;4;3;3;1;1;1;6;3;395;1;Ing. Sistemas;no;0;3.14;3.07
GP;F;17;U;LE3;T;2;2;services;other;course;mother;2;2;0;yes;yes;no;no;yes;yes;yes;yes;4;4;4;2;3;5;6;2;365;4;Ing. Sistemas;no;0;2.17;2.39
GP;F;18;R;GT3;A;3;2;other;services;home;mother;2;2;0;no;no;no;no;no;no;yes;yes;4;1;1;1;1;5;15;2;265;5;Medicina;yes;30;2.52;2.65
GP;M;18;U;GT3;T;4;4;teacher;services;home;mother;2;1;0;no;no;no;yes;yes;yes;yes;no;3;2;4;1;4;3;6;2;262;3;Derecho;no;0;2.64;2.72
GP;F;18;U;GT3;T;4;4;health;health;reputation;father;1;2;1;yes;yes;no;yes;yes;yes;yes;yes;2;4;4;1;1;4;2;5;306;1;Arquitectura;no;0;3.05;2.95
GP;F;17;U;GT3;T;2;2;other;services;reputation;father;3;3;0;no;yes;no;no;yes;yes;yes;yes;4;2;3;1;1;1;8;6;389;1;Ing. Industrial;no;0;2.73;2.84
GP;F;19;R;GT3;T;3;2;services;services;reputation;father;1;2;1;yes;yes;no;no;yes;no;yes;no;3;3;3;4;3;3;0;6;334;6;Derecho;no;0;4.21;4.17
GP;M;18;U;LE3;T;4;3;teacher;services;course;mother;2;1;0;no;no;no;yes;yes;yes;yes;no;4;2;3;1;2;1;0;2;309;3;Ing. Sistemas;no;0;3.46;3.6
GP;M;18;U;GT3;T;1;2;at_home;other;home;other;2;1;0;no;no;no;no;no;no;yes;no;3;4;4;2;4;4;10;9;299;5;Ing. Sistemas;no;0;3.0;2.85
GP;M;17;U;LE3;A;4;1;services;other;home;mother;2;1;0;no;no;no;yes;yes;yes;yes;yes;4;5;4;2;4;5;22;6;297;4;Ing. Ambiental;no;0;2.74;2.69
GP;M;17;U;LE3;A;3;2;teacher;services;home;mother;1;1;0;no;no;no;no;yes;yes;yes;no;4;4;4;3;4;3;18;5;253;3;Enfermería;no;0;2.59;2.29
GP;F;18;R;LE3;T;1;1;at_home;other;reputation;mother;2;4;0;no;yes;no;yes;yes;yes;no;no;5;2;2;1;1;3;2;5;289;2;Administración;yes;20;3.12;3.11
GP;F;18;U;GT3;T;1;1;other;other;home;mother;2;2;0;yes;no;no;yes;yes;yes;yes;no;5;4;4;1;1;4;0;3;296;2;Ing. Industrial;no;0;3.04;2.8
GP;F;17;U;GT3;T;2;2;other;other;course;mother;1;2;0;no;yes;no;no;no;yes;yes;no;5;4;5;1;2;5;12;2;384;4;Medicina;no;0;3.13;2.8
GP;F;18;U;GT3;T;2;1;other;other;reputation;mother;2;2;0;no;no;no;yes;yes;yes;yes;yes;4;3;1;1;1;5;10;3;341;5;Administración;no;0;2.38;2.46
GP;M;17;U;GT3;T;1;1;other;other;reputation;father;1;2;0;no;no;no;no;no;yes;yes;no;4;3;3;1;2;4;0;7;308;4;Ing. Ambiental;no;0;3.17;3.23
GP;F;18;U;GT3;T;2;2;at_home;at_home;other;mother;1;3;0;no;yes;no;no;yes;yes;yes;no;4;3;3;1;2;2;0;1;465;4;Ing. Sistemas;no;0;3.22;3.45
GP;F;17;U;GT3;T;1;1;services;teacher;reputation;mother;1;3;0;no;yes;no;no;yes;yes;yes;no;4;3;3;1;1;3;0;1;316;1;Medicina;no;0;2.35;2.22
GP;M;18;U;GT3;T;2;1;services;services;reputation;mother;1;3;0;no;no;no;yes;yes;yes;yes;no;4;2;4;1;3;2;0;1;408;6;Ing. Sistemas;no;0;2.87;2.99
GP;M;18;U;LE3;A;4;4;teacher;teacher;reputation;mother;1;2;0;no;yes;no;yes;yes;yes;yes;no;5;4;3;1;1;2;0;1;431;5;Ing. Industrial;no;0;2.79;2.96
GP;M;18;U;GT3;T;4;2;teacher;other;home;mother;1;2;0;no;yes;no;yes;yes;yes;yes;yes;4;3;2;1;4;5;2;8;271;3;Enfermería;no;0;3.94;4.07
GP;F;17;U;GT3;T;4;3;health;services;reputation;mother;1;3;0;no;yes;no;no;yes;yes;yes;no;4;2;2;1;2;3;0;6;353;6;Administración;no;0;3.58;3.33
GP;F;17;R;LE3;T;3;1;services;other;reputation;mother;2;4;0;no;yes;no;no;yes;yes;no;no;3;1;2;1;1;3;0;4;324;4;Administración;no;0;2.93;2.97
GP;M;18;R;LE3;T;3;2;services;other;reputation;mother;2;3;0;no;yes;no;yes;yes;yes;yes;no;5;4;2;1;1;4;0;1;320;4;Derecho;yes;35;3.54;3.65
GP;M;17;U;GT3;T;3;3;health;other;home;mother;1;1;0;no;yes;no;no;yes;yes;yes;no;4;4;3;1;3;5;0;4;377;4;Medicina;no;0;1.93;1.93
GP;F;19;U;GT3;T;4;4;health;other;reputation;other;2;2;0;no;yes;no;yes;yes;yes;yes;no;2;3;4;2;3;2;2;4;318;5;Arquitectura;no;0;3.54;2.91
GP;F;18;U;LE3;T;4;3;other;other;home;other;2;2;0;no;yes;no;no;yes;yes;yes;yes;4;4;5;1;2;2;0;2;325;4;Ing. Ambiental;no;0;2.76;2.81
GP;F;18;U;GT3;T;4;3;other;other;reputation;father;1;4;0;no;yes;no;no;yes;yes;yes;no;4;3;3;1;1;3;0;4;341;2;Arquitectura;no;0;3.55;4.21
GP;M;18;U;LE3;T;4;4;teacher;teacher;home;mother;1;1;0;no;yes;no;no;yes;yes;yes;yes;1;4;2;2;2;1;0;3;331;3;Derecho;no;0;3.36;3.25
GP;F;18;U;LE3;A;4;4;health;other;home;mother;1;2;0;no;yes;yes;no;yes;yes;yes;yes;4;2;4;1;1;4;0;5;291;6;Ing. Industrial;no;0;2.36;2.14
GP;M;17;U;LE3;T;4;4;other;teacher;home;father;2;1;0;no;no;no;no;yes;yes;yes;no;4;1;1;2;2;5;0;5;389;2;Ing. Ambiental;yes;20;2.0;2.11
GP;F;17;R;GT3;T;4;4;services;services;reputation;mother;2;3;0;no;yes;no;yes;yes;yes;yes;no;5;3;4;1;1;5;0;1;402;3;Enfermería;yes;10;3.01;3.1
GP;F;17;U;GT3;T;4;2;other;other;reputation;mother;2;3;0;no;yes;no;no;yes;yes;yes;no;4;3;3;1;1;3;0;3;367;3;Arquitectura;yes;30;3.82;4.18
GP;F;17;U;GT3;T;3;2;health;health;reputation;father;1;4;0;no;yes;no;yes;no;yes;yes;no;5;2;2;1;2;5;0;5;331;3;Enfermería;no;0;2.84;2.46
GP;M;19;R;LE3;T;2;1;at_home;services;course;mother;2;3;1;no;no;no;yes;yes;yes;yes;yes;4;3;1;1;1;5;0;4;314;4;Arquitectura;yes;20;1.88;2.1
GP;M;20;U;GT3;A;3;2;services;other;course;other;1;1;2;no;no;no;yes;yes;yes;no;no;5;5;3;1;1;5;0;8;314;6;Enfermería;no;0;2.47;2.65
GP;M;19;R;GT3;T;3;3;other;services;reputation;father;1;2;0;no;no;no;yes;yes;yes;no;yes;4;5;3;1;2;5;0;6;467;2;Arquitectura;no;0;3.28;3.24
GP;F;18;U;GT3;T;1;4;other;teacher;home;mother;1;2;0;yes;yes;no;no;no;yes;no;yes;3;4;4;1;2;5;2;2;396;2;Enfermería;no;0;3.6;3.7
GP;F;18;U;GT3;T;2;1;services;other;course;mother;2;2;0;no;yes;no;yes;yes;yes;yes;no;5;3;3;1;2;1;2;1;307;2;Derecho;no;0;2.77;3.08
GP;F;17;U;GT3;T;2;3;other;other;course;father;2;2;0;no;no;no;yes;yes;yes;yes;yes;4;2;1;1;1;3;2;6;358;5;Psicología;no;0;2.79;3.05
GP;F;17;R;GT3;T;4;4;teacher;teacher;course;mother;1;1;0;no;no;no;yes;yes;yes;yes;no;4;4;4;1;1;5;2;1;331;4;Ing. Ambiental;no;0;3.28;2.94
GP;F;18;U;GT3;T;4;3;other;other;course;mother;1;3;0;no;yes;no;yes;yes;yes;yes;yes;4;3;4;1;1;5;2;5;379;3;Medicina;no;0;2.37;2.62
GP;F;18;U;LE3;T;4;3;health;services;course;mother;2;1;0;no;yes;no;no;yes;yes;yes;no;3;2;4;1;4;1;8;9;377;5;Ing. Industrial;yes;15;2.51;2.49
GP;F;17;R;GT3;T;3;4;at_home;services;course;father;1;3;0;no;yes;no;yes;no;yes;yes;no;4;3;4;2;5;5;2;5;404;5;Contaduría;no;0;3.4;3.42
GP;F;18;U;GT3;T;3;3;at_home;other;course;father;1;2;0;no;yes;no;no;yes;yes;yes;no;4;1;4;1;1;3;8;3;307;5;Ing. Sistemas;no;0;3.22;3.24
GP;M;19;U;GT3;T;4;2;health;other;course;mother;2;2;0;no;yes;no;yes;yes;yes;yes;yes;5;4;4;1;1;1;9;6;355;6;Medicina;yes;35;2.75;2.7
GP;F;18;U;GT3;T;4;4;teacher;other;course;mother;1;2;0;no;yes;no;no;yes;yes;yes;no;4;4;4;3;3;5;0;4;262;3;Ing. Sistemas;no;0;3.02;3.38
GP;F;18;U;GT3;T;3;4;other;other;course;mother;1;1;0;no;yes;no;yes;yes;yes;yes;yes;5;4;4;1;1;1;4;5;287;5;Ing. Ambiental;no;0;1.46;1.43
GP;F;17;U;GT3;T;4;4;health;health;course;mother;1;1;0;no;no;no;yes;yes;yes;yes;no;5;3;4;1;2;5;2;9;394;3;Medicina;no;0;2.37;2.03
GP;F;17;U;GT3;A;4;3;services;services;course;mother;1;2;0;no;yes;no;no;yes;yes;yes;yes;5;2;2;1;2;5;14;3;302;5;Enfermería;no;0;3.23;3.11
GP;F;17;U;LE3;A;3;3;services;other;home;mother;1;2;0;yes;yes;no;no;yes;yes;yes;no;5;3;3;1;1;5;0;10;307;4;Enfermería;no;0;2.51;2.56
GP;F;17;U;LE3;T;2;1;other;other;home;father;1;2;0;no;no;no;yes;yes;yes;yes;no;4;2;3;2;2;2;2;9;349;5;Contaduría;yes;35;3.03;3.4
GP;M;18;U;LE3;T;4;4;other;other;reputation;father;1;1;0;no;yes;no;no;yes;yes;yes;no;4;2;5;3;4;5;2;2;384;4;Ing. Sistemas;no;0;2.92;3.1
GP;F;19;U;GT3;T;1;1;other;other;course;other;3;3;0;no;no;no;yes;yes;no;no;yes;1;5;5;4;3;5;12;1;296;2;Ing. Industrial;no;0;3.13;2.87
GP;F;19;U;LE3;A;1;1;other;other;course;other;3;2;2;no;yes;no;no;no;yes;yes;yes;5;3;4;1;1;4;2;1;200;4;Ing. Ambiental;no;0;3.09;3.84
GP;F;18;U;GT3;T;2;2;other;other;course;mother;1;1;0;no;yes;no;yes;yes;yes;yes;yes;4;3;5;2;4;5;2;1;306;6;Enfermería;no;0;2.22;2.3
GP;F;17;U;GT3;T;2;2;other;other;course;mother;1;2;0;no;yes;no;no;yes;yes;no;yes;4;2;2;1;1;3;4;1;410;6;Psicología;no;0;2.9;3.28
GP;F;17;R;LE3;T;2;2;services;services;course;mother;1;3;0;no;yes;no;yes;yes;yes;yes;no;3;3;2;2;2;3;0;6;367;1;Derecho;no;0;3.61;3.56
GP;F;17;U;GT3;T;3;1;services;services;course;father;1;3;0;no;yes;no;no;no;yes;yes;no;3;4;3;2;3;5;0;1;416;2;Derecho;no;0;3.38;3.54
GP;F;17;U;LE3;T;0;2;at_home;at_home;home;father;2;3;0;no;no;no;no;yes;yes;yes;no;3;3;3;2;3;2;0;3;293;2;Arquitectura;yes;25;3.01;3.26
GP;F;18;U;GT3;T;1;1;other;other;home;mother;2;3;0;no;no;no;yes;yes;yes;yes;no;4;5;5;1;2;2;0;8;268;4;Ing. Industrial;no;0;3.41;3.78
GP;M;18;U;GT3;T;4;4;other;other;course;mother;1;3;0;no;no;no;yes;yes;yes;yes;no;4;3;3;2;2;3;0;1;373;5;Derecho;no;0;3.66;3.98
GP;M;17;U;GT3;T;3;3;other;services;reputation;mother;1;1;0;no;no;no;yes;no;yes;yes;no;4;3;5;3;5;5;0;7;362;2;Arquitectura;yes;15;1.68;1.94
GP;M;17;R;GT3;T;2;2;services;other;course;mother;4;1;0;no;yes;no;no;yes;yes;yes;no;4;4;5;5;5;4;2;2;365;4;Ing. Sistemas;no;0;3.28;3.19
GP;F;17;U;GT3;T;4;4;teacher;services;course;mother;1;3;0;no;yes;no;yes;yes;yes;yes;no;5;4;4;1;3;4;0;1;396;5;Enfermería;no;0;3.13;2.96
GP;F;17;U;GT3;T;4;4;teacher;teacher;course;mother;2;3;0;no;yes;no;no;no;yes;yes;yes;4;3;3;1;2;4;4;6;371;4;Enfermería;no;0;3.51;3.61
GP;F;17;U;GT3;T;3;3;at_home;other;course;mother;1;1;0;no;yes;yes;yes;yes;yes;yes;no;4;2;5;2;5;5;2;5;370;4;Psicología;yes;25;3.3;3.58
GP;M;18;U;LE3;T;2;2;other;other;course;mother;1;4;0;no;yes;yes;yes;yes;yes;yes;no;4;5;5;2;4;5;0;8;385;4;Medicina;no;0;2.91;2.84
GP;M;19;R;GT3;T;3;2;at_home;services;home;other;1;1;0;no;yes;no;no;no;yes;no;yes;5;3;4;2;2;5;0;6;375;4;Derecho;no;0;2.35;2.67
GP;F;18;U;GT3;T;2;2;at_home;other;course;mother;4;2;0;no;no;no;yes;yes;yes;no;yes;4;2;5;1;1;2;2;7;392;3;Ing. Sistemas;no;0;2.86;3.3
GP;F;17;R;GT3;T;2;4;at_home;other;course;father;1;3;0;no;yes;no;no;yes;yes;yes;yes;4;4;3;1;1;5;0;2;400;4;Administración;yes;20;2.91;2.64
GP;M;18;U;GT3;T;2;2;other;other;reputation;mother;1;1;0;no;no;no;no;no;yes;yes;no;5;4;2;1;2;5;6;2;426;4;Derecho;no;0;3.57;3.32
GP;F;18;U;GT3;T;3;3;services;services;home;mother;1;2;0;no;no;no;yes;yes;yes;yes;no;5;3;4;1;1;4;8;7;317;5;Ing. Industrial;no;0;2.57;2.53
GP;F;18;U;LE3;T;2;2;other;other;home;other;1;2;0;no;no;no;yes;no;yes;yes;yes;4;3;3;1;1;2;0;7;374;4;Medicina;no;0;2.72;2.81
GP;F;18;R;GT3;T;2;2;at_home;other;course;mother;2;4;0;no;no;no;yes;yes;yes;no;no;4;4;4;1;1;4;6;10;331;5;Derecho;no;0;3.7;3.54
GP;F;17;U;GT3;T;3;4;services;other;course;mother;1;3;0;no;no;no;no;yes;yes;yes;no;4;4;5;1;3;5;8;3;308;2;Ing. Sistemas;no;0;2.7;3.11
GP;F;17;U;GT3;T;3;2;other;other;home;mother;1;2;0;no;yes;no;no;yes;yes;yes;yes;4;3;2;2;3;2;0;3;315;3;Derecho;no;0;2.8;2.93
GP;F;18;U;LE3;T;3;3;services;services;home;mother;1;4;0;no;yes;no;no;yes;yes;yes;no;5;3;3;1;1;1;4;7;374;1;Ing. Industrial;yes;40;3.76;3.77
GP;F;17;R;GT3;A;3;2;other;other;home;mother;1;2;0;no;yes;no;no;yes;yes;yes;no;4;3;3;2;3;2;0;3;370;2;Administración;no;0;2.83;2.4
GP;M;18;U;GT3;T;4;4;teacher;services;home;father;1;2;0;no;yes;no;yes;yes;yes;yes;no;4;3;3;2;2;2;0;9;370;4;Ing. Ambiental;yes;10;2.95;2.56
GP;M;18;U;LE3;T;3;4;services;other;home;mother;1;2;0;no;no;no;yes;yes;yes;yes;yes;4;3;3;1;3;5;6;8;338;6;Contaduría;no;0;2.74;2.82
GP;F;17;U;GT3;A;2;2;at_home;at_home;home;father;1;2;0;no;yes;no;no;yes;yes;yes;yes;3;3;1;1;2;4;18;4;350;1;Administración;yes;15;2.24;1.6
GP;F;18;U;GT3;T;2;3;at_home;other;course;mother;1;3;0;no;yes;no;no;yes;yes;yes;no;4;3;3;1;2;3;0;7;390;3;Arquitectura;no;0;3.46;3.76
GP;F;18;U;GT3;T;3;2;other;services;other;mother;1;3;0;no;no;no;no;yes;yes;yes;yes;5;4;3;2;3;1;4;7;275;5;Derecho;no;0;4.18;4.13
GP;M;18;R;GT3;T;4;3;teacher;services;course;mother;1;3;0;no;no;no;no;yes;yes;yes;yes;5;3;2;1;2;4;4;1;351;2;Enfermería;no;0;3.31;4.28
GP;M;18;U;GT3;T;4;3;teacher;other;course;mother;1;3;0;no;yes;no;no;yes;yes;yes;yes;5;4;5;2;3;5;0;9;354;4;Psicología;yes;15;3.41;4.1
GP;F;17;U;GT3;T;4;3;health;other;reputation;mother;1;3;0;no;yes;no;yes;yes;yes;yes;yes;4;4;3;1;3;4;0;4;387;4;Enfermería;no;0;3.65;3.6
GP;F;17;U;GT3;T;2;1;services;other;course;mother;2;2;0;no;yes;no;yes;yes;yes;yes;yes;4;3;4;2;2;1;10;8;282;4;Administración;no;0;2.37;2.34
GP;F;17;U;GT3;T;2;1;services;other;reputation;mother;1;2;0;no;yes;no;yes;yes;yes;yes;no;4;3;5;2;4;4;4;3;424;2;Enfermería;no;0;3.85;4.15
GP;F;19;U;LE3;A;2;3;at_home;other;home;other;2;1;1;no;no;no;no;yes;no;yes;no;2;2;3;3;4;5;16;8;360;3;Ing. Sistemas;no;0;2.8;3.31
GP;F;17;U;GT3;T;3;1;other;at_home;home;mother;1;1;1;no;yes;yes;no;yes;yes;yes;yes;4;1;2;1;1;3;6;3;363;5;Enfermería;no;0;3.52;3.03
GP;F;21;U;LE3;T;4;4;other;other;reputation;other;1;3;2;no;no;yes;yes;yes;yes;yes;no;3;3;2;1;1;5;0;1;329;4;Medicina;no;0;2.93;2.39
GP;M;18;U;LE3;T;2;2;services;services;reputation;mother;1;2;0;no;yes;no;yes;no;no;yes;no;4;4;4;1;3;3;11;9;376;1;Ing. Ambiental;no;0;3.91;3.72
GP;M;18;U;LE3;A;3;4;other;other;reputation;other;1;2;0;no;no;no;yes;yes;yes;yes;yes;4;3;5;1;4;2;9;1;352;5;Derecho;no;0;3.39;3.56
GP;F;17;U;GT3;T;2;2;services;services;reputation;mother;1;2;0;no;yes;no;yes;yes;yes;yes;no;4;3;4;1;3;4;0;3;410;1;Enfermería;no;0;3.28;3.43
GP;M;17;U;LE3;A;4;4;health;other;reputation;mother;1;3;0;no;yes;no;no;yes;yes;yes;no;4;4;2;1;2;4;2;9;277;4;Ing. Industrial;no;0;3.42;3.74
GP;F;18;U;LE3;T;4;2;teacher;other;course;mother;1;2;0;no;yes;no;yes;yes;yes;yes;no;4;2;2;1;1;3;0;9;358;2;Ing. Ambiental;yes;15;2.88;2.52
GP;M;21;R;LE3;T;1;1;at_home;other;course;other;2;2;2;no;yes;no;yes;yes;no;yes;yes;5;3;3;5;2;4;21;5;370;6;Ing. Ambiental;yes;25;3.6;2.91
GP;F;20;R;GT3;T;1;1;other;other;reputation;other;2;3;0;no;no;no;no;yes;yes;yes;yes;3;2;2;1;3;3;8;5;340;3;Enfermería;yes;20;3.37;3.63
GP;F;19;U;GT3;T;4;4;teacher;other;home;other;1;1;1;no;yes;no;no;yes;yes;yes;yes;3;2;5;4;4;5;5;4;329;3;Ing. Ambiental;no;0;1.72;1.47
GP;M;17;U;LE3;A;3;2;other;other;reputation;mother;1;2;0;no;yes;no;no;yes;yes;yes;no;4;4;4;1;2;5;10;2;331;2;Psicología;no;0;2.44;1.83
GP;F;18;U;GT3;T;3;2;at_home;other;reputation;father;1;3;0;no;yes;no;no;yes;yes;yes;yes;4;3;4;1;2;2;5;3;358;3;Enfermería;no;0;3.21;3.25
GP;M;18;R;GT3;T;2;3;other;services;reputation;father;1;1;0;no;no;no;no;yes;yes;yes;no;3;1;3;4;5;4;13;6;259;5;Ing. Sistemas;no;0;2.85;3.09
GP;M;19;U;GT3;T;2;1;other;other;reputation;mother;1;1;0;no;no;no;no;yes;yes;yes;no;5;3;4;1;4;4;10;7;398;6;Administración;yes;15;2.67;2.63
GP;F;18;U;LE3;A;2;2;services;other;reputation;mother;2;2;0;no;yes;no;no;yes;yes;yes;no;4;1;4;1;3;4;10;7;325;3;Medicina;no;0;3.61;3.47
GP;F;20;U;GT3;T;1;0;other;other;reputation;mother;2;1;1;yes;no;no;no;yes;yes;yes;yes;5;3;1;1;1;5;5;7;356;3;Contaduría;no;0;1.72;1.67
GP;F;18;U;GT3;T;3;2;services;other;home;mother;1;2;0;no;yes;no;yes;no;yes;yes;yes;3;1;2;1;2;1;4;1;368;4;Arquitectura;no;0;3.07;2.96
MS;F;16;U;GT3;T;1;3;at_home;other;other;father;2;1;0;no;yes;no;no;yes;no;yes;yes;4;3;3;1;3;5;11;4;323;5;Ing. Ambiental;yes;40;1.79;1.39
MS;F;16;R;GT3;T;2;2;other;other;course;mother;2;2;0;no;yes;no;yes;yes;yes;yes;no;4;4;4;1;1;5;0;1;343;4;Ing. Sistemas;no;0;3.38;3.17
MS;F;15;R;GT3;T;1;1;at_home;services;other;mother;1;1;1;no;yes;no;no;yes;yes;no;yes;4;1;3;1;1;2;6;5;248;3;Derecho;no;0;2.65;2.81
MS;F;15;R;GT3;T;3;3;at_home;other;course;mother;2;1;0;no;yes;no;no;yes;yes;yes;no;5;4;4;2;3;5;4;4;386;3;Derecho;no;0;2.91;3.01
MS;F;16;R;GT3;T;2;3;at_home;services;course;mother;2;2;0;no;no;no;no;yes;yes;no;no;4;5;2;1;2;5;0;8;404;4;Arquitectura;no;0;2.57;2.62
MS;F;15;R;LE3;T;2;1;at_home;other;home;mother;2;1;0;no;no;no;no;yes;no;no;no;1;3;4;1;1;1;0;3;264;1;Medicina;no;0;3.34;3.04
MS;M;16;R;LE3;A;4;4;at_home;other;home;mother;1;2;0;no;yes;no;no;yes;yes;no;no;5;3;2;1;3;2;5;1;329;4;Ing. Ambiental;no;0;3.52;3.47
MS;M;16;U;GT3;A;1;2;other;other;other;mother;1;3;0;yes;no;no;no;yes;yes;yes;no;4;4;3;1;1;5;0;1;288;3;Psicología;no;0;3.59;2.94
MS;F;17;R;GT3;T;3;2;at_home;other;course;father;1;2;1;no;no;no;no;yes;yes;no;yes;4;5;4;1;2;5;0;7;341;5;Arquitectura;no;0;2.94;2.99
MS;F;17;R;GT3;T;1;1;other;other;other;father;1;1;1;no;yes;no;no;no;no;yes;no;5;4;4;2;2;5;0;5;382;1;Medicina;no;0;2.99;3.42
MS;F;15;R;GT3;T;4;4;teacher;other;course;mother;2;1;0;no;no;no;no;yes;yes;yes;yes;1;5;1;3;5;5;0;1;399;4;Ing. Ambiental;no;0;2.35;1.91
MS;F;16;U;LE3;A;2;2;at_home;other;reputation;mother;2;4;0;no;no;no;yes;no;no;no;yes;1;2;1;1;1;1;4;1;406;3;Ing. Sistemas;no;0;4.03;3.85
MS;F;15;R;LE3;T;1;1;at_home;services;reputation;father;2;2;0;no;yes;no;no;yes;yes;yes;no;5;4;3;1;2;4;0;6;415;4;Administración;no;0;3.82;3.92
MS;F;15;R;LE3;T;1;1;other;services;course;mother;2;1;1;no;yes;no;no;yes;yes;yes;yes;4;4;3;1;2;2;4;1;338;1;Psicología;no;0;3.24;3.62
MS;F;16;R;GT3;T;0;2;other;other;other;mother;2;1;0;no;yes;no;yes;yes;yes;no;no;3;2;3;1;2;2;0;8;292;4;Contaduría;no;0;2.34;2.21
MS;F;17;R;GT3;T;2;3;other;other;course;mother;2;1;0;no;yes;no;no;yes;yes;yes;no;5;5;5;1;3;3;2;6;344;4;Derecho;no;0;2.88;2.67
MS;F;15;R;GT3;T;3;3;other;services;course;father;2;1;0;no;no;no;no;no;yes;yes;no;4;1;3;1;1;4;0;1;381;4;Ing. Industrial;yes;15;2.05;1.46
MS;M;16;U;GT3;T;1;1;at_home;services;home;mother;2;2;0;no;yes;no;yes;yes;yes;no;yes;5;4;5;4;5;3;0;1;288;4;Ing. Sistemas;no;0;3.29;3.32
MS;M;17;U;GT3;T;1;1;other;other;home;mother;1;2;0;no;no;yes;no;no;yes;yes;no;4;4;3;2;4;5;4;10;433;4;Derecho;no;0;3.23;3.84
MS;M;15;R;LE3;T;4;1;health;services;reputation;father;1;2;0;no;yes;no;yes;yes;yes;yes;no;5;3;4;1;2;2;0;3;394;5;Enfermería;no;0;2.07;2.15
MS;M;15;R;LE3;T;4;1;health;services;reputation;father;1;2;0;no;yes;no;yes;yes;yes;yes;no;5;3;4;1;2;2;7;3;339;3;Ing. Industrial;no;0;2.42;2.41
MS;M;16;R;GT3;T;3;4;other;health;other;mother;3;2;0;no;no;no;no;no;yes;no;no;3;4;5;1;2;5;4;7;314;5;Derecho;no;0;2.86;2.96
MS;M;15;R;GT3;T;1;1;other;other;course;mother;4;2;0;no;yes;no;yes;yes;yes;no;yes;5;4;5;2;4;4;8;9;316;3;Medicina;no;0;2.85;2.85
MS;M;15;U;LE3;T;3;3;at_home;at_home;reputation;father;1;2;0;no;yes;no;yes;yes;yes;yes;no;5;3;3;1;1;5;0;10;353;1;Psicología;no;0;2.4;2.16
MS;M;17;R;GT3;T;2;1;other;other;other;mother;3;1;0;no;no;no;yes;yes;no;no;yes;5;5;5;5;5;3;8;7;338;1;Derecho;no;0;2.89;3.14
MS;F;16;R;GT3;T;4;4;teacher;teacher;course;mother;2;3;0;no;no;no;yes;yes;yes;yes;yes;4;2;2;1;1;4;6;3;397;3;Contaduría;no;0;3.43;3.5
MS;F;15;R;GT3;T;1;2;other;services;course;mother;2;1;0;no;no;no;no;yes;yes;no;no;5;1;2;1;1;1;3;1;332;5;Administración;no;0;2.6;2.61
MS;F;16;R;GT3;T;2;3;other;services;course;mother;3;2;0;no;yes;no;no;yes;yes;yes;no;4;5;4;1;2;1;2;7;375;4;Medicina;no;0;2.62;2.33
MS;M;16;R;GT3;T;1;2;other;other;course;father;2;2;0;no;no;no;no;yes;yes;no;no;4;3;3;1;1;5;0;5;348;5;Ing. Sistemas;no;0;3.52;3.91
MS;F;16;R;GT3;T;2;2;other;other;course;mother;3;2;0;no;yes;no;no;yes;yes;yes;no;4;4;5;1;1;4;4;4;363;4;Ing. Sistemas;no;0;3.83;4.03
MS;F;16;U;GT3;T;1;2;other;services;course;mother;1;3;1;no;yes;no;no;yes;yes;no;no;1;3;2;1;2;4;0;9;338;3;Ing. Sistemas;yes;35;3.06;2.89
MS;F;16;U;GT3;T;1;2;other;services;course;mother;1;3;1;no;yes;no;no;yes;yes;no;no;1;3;2;1;2;4;3;1;385;2;Ing. Sistemas;no;0;2.99;3.29
MS;F;15;U;GT3;T;2;1;at_home;other;home;mother;1;2;0;yes;yes;no;no;no;yes;yes;no;4;4;2;3;3;2;0;4;386;3;Administración;yes;10;3.25;3.1
MS;F;16;U;GT3;T;1;1;at_home;other;course;father;1;2;0;no;yes;no;no;no;yes;no;yes;5;4;3;2;1;2;0;1;372;3;Derecho;no;0;2.82;2.59
MS;M;17;R;LE3;T;1;2;at_home;services;reputation;mother;1;1;0;no;yes;no;yes;yes;yes;yes;no;5;5;5;5;5;3;4;4;380;1;Ing. Ambiental;yes;35;2.63;2.4
MS;F;16;R;GT3;T;1;1;other;other;home;father;4;4;0;no;yes;no;no;no;yes;yes;no;4;3;2;1;1;1;0;1;302;2;Derecho;yes;35;3.97;3.44
MS;F;16;R;GT3;T;1;1;at_home;other;other;father;4;3;0;yes;yes;no;no;yes;yes;no;no;4;4;3;1;1;5;2;1;366;4;Enfermería;no;0;2.35;2.49
MS;F;15;R;GT3;T;1;1;at_home;other;home;father;2;2;0;no;yes;no;yes;yes;yes;yes;no;4;3;3;1;1;2;1;1;412;4;Psicología;no;0;3.66;3.11
MS;F;16;R;GT3;T;1;1;at_home;other;other;mother;2;1;0;no;no;no;yes;yes;yes;yes;yes;4;2;2;4;3;2;0;6;374;6;Ing. Industrial;no;0;2.74;2.37
MS;F;15;R;GT3;T;1;1;at_home;at_home;course;father;3;2;0;no;yes;no;no;yes;yes;no;no;4;2;1;1;2;2;0;7;298;6;Ing. Ambiental;no;0;2.79;2.17
MS;F;15;R;LE3;T;2;2;other;other;other;father;1;3;0;yes;yes;no;no;yes;yes;no;no;4;4;3;2;2;5;2;5;347;4;Ing. Ambiental;no;0;3.26;3.23
MS;M;16;R;GT3;T;1;1;at_home;other;other;father;2;1;0;no;no;no;yes;yes;yes;no;no;3;4;4;3;4;5;6;10;368;3;Derecho;no;0;2.68;2.63
MS;F;18;U;GT3;T;1;2;other;other;course;father;1;2;1;no;yes;no;yes;yes;yes;yes;yes;3;4;4;2;3;5;9;3;312;4;Ing. Ambiental;no;0;2.13;2.03
MS;M;15;U;GT3;T;3;1;other;services;home;mother;2;1;0;no;yes;no;no;yes;yes;no;no;3;2;3;1;3;4;0;2;282;5;Arquitectura;no;0;3.45;3.14
MS;F;16;R;GT3;T;2;2;other;services;course;father;3;2;0;no;yes;no;yes;yes;yes;yes;no;5;3;4;1;1;2;1;8;334;2;Arquitectura;no;0;3.02;2.67
MS;M;15;U;GT3;T;2;2;health;other;reputation;mother;3;1;0;no;no;no;no;yes;yes;no;no;4;3;3;1;2;4;1;2;312;3;Enfermería;no;0;2.92;3.06
MS;M;16;U;GT3;T;4;4;other;teacher;course;father;1;2;0;no;yes;no;yes;yes;yes;no;yes;4;3;1;1;1;3;0;10;349;5;Ing. Industrial;no;0;3.48;3.31
MS;F;15;R;GT3;T;3;3;services;other;reputation;mother;1;2;0;no;yes;no;no;yes;yes;yes;yes;4;5;4;1;1;1;4;1;270;3;Contaduría;no;0;2.49;2.58
MS;F;16;R;GT3;T;2;2;at_home;other;course;mother;2;2;1;no;yes;no;yes;no;yes;no;no;4;4;4;2;3;5;2;10;378;4;Administración;no;0;3.24;2.97
MS;F;16;R;LE3;T;2;2;other;other;home;father;3;1;0;no;yes;no;yes;yes;yes;no;yes;4;3;2;1;1;4;0;1;318;4;Derecho;no;0;2.57;2.62
MS;M;16;U;LE3;T;2;1;at_home;services;course;mother;2;1;0;no;yes;no;yes;yes;yes;yes;no;2;4;3;2;3;4;4;8;399;2;Administración;no;0;3.12;3.51
MS;M;15;R;LE3;T;1;3;at_home;other;reputation;father;3;1;0;no;yes;no;yes;yes;yes;yes;no;4;2;4;3;5;3;2;4;336;3;Contaduría;no;0;1.64;1.82
MS;F;15;U;GT3;T;2;2;other;services;course;mother;2;3;0;no;yes;no;yes;yes;yes;no;no;5;3;2;1;1;4;0;10;348;3;Derecho;no;0;3.25;3.13
MS;F;16;R;LE3;T;2;1;other;other;home;mother;1;1;0;no;yes;no;no;yes;yes;yes;yes;5;4;3;1;1;5;2;1;341;1;Derecho;no;0;2.4;2.48
MS;M;15;U;GT3;T;3;3;services;services;course;father;2;1;0;no;yes;no;yes;no;yes;yes;no;4;3;3;2;4;3;11;5;315;1;Ing. Industrial;no;0;2.92;2.85
MS;F;16;R;GT3;T;1;1;at_home;other;course;father;2;2;3;yes;yes;no;no;yes;yes;no;no;3;4;3;1;1;1;0;10;473;5;Administración;no;0;3.24;3.24
MS;F;17;U;GT3;T;2;2;other;at_home;course;mother;1;1;0;no;yes;no;yes;yes;no;no;no;4;5;3;1;1;5;4;4;325;3;Arquitectura;no;0;2.35;2.25
MS;F;19;U;GT3;T;2;3;at_home;services;course;other;1;1;1;no;no;no;no;yes;no;yes;yes;4;4;4;1;1;2;0;5;401;4;Ing. Sistemas;no;0;2.34;2.29
MS;F;17;R;GT3;T;2;1;at_home;other;course;mother;3;1;0;no;yes;no;yes;yes;no;no;yes;5;5;3;1;1;3;2;6;295;3;Administración;no;0;2.64;2.7
MS;F;15;R;LE3;T;1;1;at_home;other;course;mother;2;1;0;no;yes;no;no;yes;no;no;yes;5;2;1;1;3;4;0;4;368;6;Psicología;no;0;2.25;1.95
MS;F;16;R;GT3;T;2;2;other;other;course;father;3;2;0;no;yes;no;no;yes;no;yes;no;3;4;5;1;2;1;1;5;373;3;Psicología;no;0;3.42;3.12
MS;F;16;U;LE3;A;2;2;other;other;home;mother;1;1;0;no;yes;no;no;yes;no;no;no;4;3;4;1;2;1;6;5;348;3;Derecho;no;0;2.52;2.1
MS;F;17;R;GT3;T;2;2;at_home;other;course;mother;2;2;0;no;yes;no;no;yes;yes;yes;no;4;3;5;1;2;4;0;9;321;5;Ing. Sistemas;yes;10;1.55;1.07
MS;F;16;U;GT3;T;2;2;other;services;course;father;1;1;1;no;yes;yes;yes;no;yes;yes;no;4;4;3;1;4;3;1;1;336;5;Medicina;no;0;2.51;2.14
MS;F;18;R;LE3;A;3;2;other;other;course;other;2;3;2;no;yes;no;no;no;no;no;yes;3;3;2;1;1;2;6;2;329;2;Contaduría;no;0;2.78;2.83
MS;F;19;U;GT3;T;1;1;at_home;services;course;mother;1;3;1;no;no;no;yes;yes;no;no;yes;5;3;1;1;1;3;6;9;470;5;Enfermería;no;0;2.48;2.21
MS;M;18;R;GT3;T;1;1;other;other;home;mother;2;1;1;no;no;no;yes;yes;no;yes;no;4;4;3;3;4;4;0;8;348;3;Ing. Sistemas;no;0;2.08;2.23
MS;F;18;R;GT3;T;1;1;at_home;at_home;course;mother;2;1;1;no;no;no;no;no;no;yes;yes;3;2;3;1;1;2;4;4;376;3;Enfermería;no;0;2.75;2.76
MS;F;19;U;GT3;T;1;1;other;other;course;other;2;2;1;no;yes;no;no;yes;yes;yes;yes;1;1;4;4;1;1;12;5;439;2;Administración;no;0;3.66;3.07
MS;F;16;R;GT3;A;2;2;health;other;course;mother;1;2;0;no;no;no;no;no;yes;no;yes;3;3;2;1;1;3;2;2;306;1;Administración;no;0;3.16;3.36
MS;F;17;U;GT3;T;0;1;other;at_home;course;father;2;1;0;no;no;no;yes;no;yes;no;no;2;4;4;3;5;5;5;2;351;4;Enfermería;yes;40;2.4;2.64
MS;F;16;R;LE3;T;1;2;at_home;other;course;mother;1;2;0;no;no;no;yes;yes;no;yes;no;4;4;5;1;3;3;0;4;336;3;Contaduría;no;0;3.23;2.93
MS;F;16;U;GT3;T;3;3;other;other;reputation;mother;1;1;0;no;no;no;yes;yes;no;yes;yes;4;5;4;1;1;4;0;3;345;3;Ing. Sistemas;no;0;2.47;2.6
MS;F;16;R;LE3;T;1;1;services;services;home;mother;1;1;0;no;yes;no;yes;yes;yes;yes;yes;4;4;4;2;2;4;2;5;341;4;Medicina;no;0;2.35;2.09
MS;M;17;U;GT3;T;3;3;services;at_home;course;mother;2;4;1;no;yes;yes;yes;yes;yes;no;no;5;4;5;3;4;5;0;1;313;5;Derecho;no;0;3.02;3.05
MS;F;16;U;GT3;T;2;1;other;services;course;mother;1;2;0;no;yes;no;yes;yes;yes;yes;no;5;3;3;1;1;1;0;10;359;2;Ing. Industrial;no;0;2.12;1.74
MS;F;16;U;GT3;T;2;2;services;other;course;mother;1;1;0;no;yes;yes;yes;yes;yes;no;yes;4;2;5;1;2;5;0;10;296;4;Administración;no;0;2.51;1.97
MS;M;17;U;GT3;T;1;2;other;other;course;father;1;1;1;no;yes;no;yes;yes;no;yes;yes;5;3;5;5;5;1;12;6;399;2;Psicología;no;0;2.78;2.67
MS;M;16;U;LE3;T;4;3;other;other;course;father;1;1;0;no;no;no;yes;yes;yes;yes;no;4;2;5;1;5;5;8;4;381;5;Contaduría;no;0;2.65;2.61
MS;M;17;R;LE3;T;2;2;services;services;other;mother;3;4;1;no;yes;no;no;yes;yes;no;no;1;3;5;3;5;3;2;3;325;4;Ing. Industrial;no;0;3.39;3.27
MS;F;16;U;GT3;T;1;1;other;other;course;other;1;4;0;yes;yes;no;yes;yes;yes;yes;no;2;2;1;1;1;5;0;7;327;6;Medicina;yes;20;3.13;2.77
MS;F;19;U;LE3;T;2;2;other;other;home;mother;1;3;0;no;no;no;no;yes;yes;yes;yes;5;4;5;1;1;1;0;6;363;1;Ing. Ambiental;no;0;3.6;3.48
MS;F;17;R;GT3;T;1;1;at_home;other;reputation;mother;2;1;0;no;yes;no;yes;no;yes;yes;yes;4;4;5;1;2;5;0;2;310;1;Derecho;no;0;2.04;2.12
MS;F;20;U;GT3;T;3;3;at_home;services;other;mother;2;2;1;no;no;no;yes;yes;yes;yes;yes;3;3;4;2;4;3;8;9;440;3;Administración;no;0;3.39;3.38
MS;F;17;U;LE3;T;1;1;other;services;course;father;1;3;0;no;yes;no;no;yes;yes;no;yes;4;3;3;1;1;3;0;8;367;3;Derecho;yes;35;2.8;2.85
MS;M;17;R;GT3;T;2;2;other;other;course;mother;3;1;1;no;yes;no;no;no;yes;yes;no;4;4;5;1;2;5;0;9;369;2;Ing. Industrial;no;0;2.32;2.12
MS;F;16;R;LE3;T;1;1;at_home;other;course;father;3;2;0;no;yes;no;no;yes;yes;no;no;5;3;2;1;1;1;0;6;384;6;Derecho;no;0;2.27;2.62
MS;F;17;R;GT3;T;2;2;other;other;reputation;mother;2;2;0;no;yes;no;yes;yes;yes;no;no;5;3;2;1;1;1;0;5;321;2;Ing. Ambiental;yes;20;2.75;2.4
MS;F;17;U;GT3;A;1;0;other;other;other;mother;2;2;0;no;no;no;no;yes;yes;yes;yes;4;4;5;1;1;4;1;3;404;3;Ing. Industrial;no;0;3.49;3.64
MS;F;18;R;GT3;T;1;1;at_home;other;other;mother;1;2;1;no;yes;no;no;yes;yes;yes;yes;4;3;2;1;1;5;9;9;355;5;Administración;no;0;3.26;3.61
MS;F;16;U;GT3;T;3;1;other;other;course;mother;1;1;0;no;no;no;yes;yes;yes;yes;no;3;1;3;1;3;1;0;8;397;3;Ing. Sistemas;no;0;3.19;3.33
MS;F;16;U;GT3;T;3;2;services;at_home;course;mother;1;1;0;no;no;no;no;yes;yes;yes;no;3;1;3;1;4;3;2;1;340;5;Psicología;no;0;2.96;2.9
MS;F;18;U;LE3;T;1;1;other;at_home;reputation;mother;2;2;0;yes;no;no;no;yes;yes;no;no;2;3;5;1;4;3;8;1;415;1;Ing. Industrial;no;0;2.45;2.29
MS;F;16;R;GT3;T;4;4;health;teacher;reputation;father;1;2;0;no;no;no;yes;no;yes;yes;yes;4;3;3;2;3;2;0;3;370;3;Arquitectura;no;0;2.83;3.14
MS;F;16;R;LE3;T;1;2;other;other;reputation;mother;2;1;0;no;no;no;yes;yes;yes;yes;no;5;4;5;1;4;2;0;7;459;1;Ing. Ambiental;no;0;2.31;1.88
MS;F;18;U;GT3;A;2;4;other;services;reputation;father;1;2;1;no;yes;no;no;yes;yes;yes;no;2;3;2;1;3;1;8;10;331;1;Ing. Industrial;no;0;3.67;3.38
MS;M;16;R;GT3;T;2;1;other;services;reputation;mother;2;2;0;no;no;no;yes;yes;yes;yes;no;5;2;1;1;1;2;0;2;360;6;Ing. Industrial;yes;35;2.4;2.28
MS;F;16;U;LE3;T;1;1;at_home;other;other;mother;3;2;0;no;yes;no;no;yes;yes;yes;no;4;3;2;1;3;5;6;5;298;2;Arquitectura;no;0;3.45;3.82
MS;F;16;R;GT3;T;2;3;at_home;services;other;mother;2;2;0;no;yes;no;yes;yes;yes;yes;no;3;3;3;1;1;2;0;3;323;4;Administración;no;0;3.45;3.56
MS;F;16;U;GT3;T;4;4;health;health;course;mother;1;2;0;no;yes;no;no;yes;yes;yes;yes;4;3;4;1;2;3;4;10;380;3;Ing. Industrial;no;0;3.91;3.62
MS;M;18;U;LE3;T;4;4;at_home;health;home;mother;1;4;0;no;yes;no;yes;yes;no;yes;yes;5;5;5;5;5;5;2;8;406;3;Psicología;no;0;3.4;3.31
MS;F;16;R;LE3;T;3;4;at_home;other;other;mother;3;2;0;no;yes;no;no;no;yes;no;no;4;2;1;1;1;2;2;8;498;5;Derecho;no;0;3.36;3.18
MS;M;17;U;LE3;T;4;4;other;services;home;mother;1;3;0;no;yes;no;no;yes;yes;yes;no;4;4;3;1;2;5;0;4;345;1;Administración;yes;30;4.44;4.23
MS;F;17;R;GT3;T;4;1;other;other;other;mother;1;1;0;no;no;no;no;yes;yes;yes;yes;4;2;3;1;2;5;1;3;303;4;Psicología;no;0;2.39;2.68
MS;M;16;U;LE3;T;2;2;services;services;other;mother;4;3;0;no;no;no;no;yes;yes;no;no;5;1;3;2;2;3;0;2;387;6;Administración;no;0;2.53;2.12
MS;F;17;R;GT3;T;2;2;at_home;other;other;mother;1;1;0;no;yes;yes;no;yes;yes;yes;no;5;1;3;1;2;5;5;1;293;4;Psicología;no;0;1.76;2.24
MS;F;16;U;LE3;T;4;4;services;services;other;father;2;1;0;no;yes;no;no;yes;yes;no;no;5;1;3;1;2;5;1;8;378;6;Ing. Ambiental;no;0;3.06;3.31
MS;M;17;U;GT3;T;3;3;services;services;home;mother;1;1;0;no;yes;no;yes;yes;yes;yes;no;4;1;4;5;5;3;8;7;324;1;Psicología;no;0;1.76;2.09
MS;M;17;U;GT3;T;1;1;at_home;services;other;mother;3;2;0;no;no;no;no;yes;yes;yes;yes;5;1;3;3;3;1;0;10;360;3;Enfermería;no;0;2.81;2.67
MS;M;16;U;GT3;T;2;1;health;services;other;mother;2;2;0;no;no;no;no;no;yes;yes;yes;4;2;2;1;4;5;2;10;404;3;Psicología;no;0;3.22;3.18
MS;F;16;U;LE3;T;2;1;other;services;other;mother;1;2;0;no;no;no;no;yes;yes;yes;yes;3;2;2;1;1;3;0;5;344;4;Ing. Sistemas;no;0;3.09;2.66
MS;M;16;U;LE3;T;4;4;teacher;health;other;father;1;1;0;no;yes;no;no;yes;yes;yes;no;4;1;2;2;5;5;0;7;396;6;Ing. Sistemas;no;0;2.91;2.75
MS;M;15;R;GT3;T;1;2;other;services;course;mother;3;2;0;no;yes;no;yes;yes;yes;no;no;5;5;5;1;3;5;11;9;393;3;Contaduría;no;0;3.11;3.26
MS;M;15;U;LE3;A;2;2;other;other;reputation;mother;3;4;0;no;yes;no;yes;yes;yes;no;no;5;4;5;2;3;5;8;8;256;4;Enfermería;no;0;4.24;4.63
MS;M;15;U;LE3;A;2;1;services;services;course;mother;1;1;0;no;no;no;yes;yes;yes;yes;no;4;3;3;1;2;5;11;2;304;2;Enfermería;yes;10;2.22;1.89
MS;F;16;R;LE3;T;2;2;other;other;course;mother;1;3;0;no;yes;no;no;no;yes;no;yes;4;3;3;2;2;5;2;4;271;4;Derecho;no;0;2.96;2.85
MS;F;16;U;LE3;T;4;1;other;other;home;mother;2;2;0;no;yes;no;yes;yes;yes;yes;no;1;2;4;2;2;1;8;1;450;3;Enfermería;no;0;2.61;2.56
MS;F;17;U;GT3;T;3;2;at_home;other;home;mother;2;1;0;no;no;no;no;yes;yes;no;yes;4;3;3;2;2;1;5;9;344;6;Derecho;no;0;3.12;2.7
MS;F;17;R;GT3;T;2;2;other;other;other;mother;2;2;0;yes;no;yes;no;yes;yes;no;no;5;1;3;1;1;5;0;5;439;4;Contaduría;no;0;3.45;3.63
MS;F;16;U;GT3;T;4;4;teacher;services;course;mother;2;3;0;no;yes;no;no;yes;yes;yes;yes;5;3;5;1;4;5;1;2;268;3;Contaduría;no;0;3.53;3.31
MS;M;17;R;GT3;T;4;4;health;other;course;father;3;1;3;no;no;no;yes;yes;yes;yes;yes;3;3;3;1;3;5;2;6;321;2;Ing. Ambiental;no;0;3.29;3.23
MS;M;17;R;LE3;T;1;3;other;other;course;father;2;1;0;no;no;no;yes;yes;yes;no;yes;5;1;2;3;3;5;2;5;390;2;Ing. Sistemas;no;0;2.11;1.97
MS;M;17;U;GT3;T;3;4;services;other;other;mother;1;2;1;no;yes;no;yes;no;yes;yes;yes;5;4;4;3;4;5;8;3;358;2;Psicología;no;0;3.83;3.59
MS;F;17;U;GT3;T;4;4;health;health;course;father;1;2;0;no;yes;no;no;yes;yes;yes;no;5;2;5;1;1;5;0;1;376;3;Psicología;yes;35;3.76;3.76
MS;M;16;R;LE3;T;4;1;other;at_home;other;father;1;1;0;no;no;no;no;yes;yes;yes;no;4;1;2;2;1;2;0;6;287;5;Arquitectura;no;0;3.07;3.01
MS;F;17;U;GT3;A;1;1;at_home;at_home;other;mother;1;2;0;no;no;no;yes;yes;yes;yes;yes;4;5;5;1;2;3;2;4;418;4;Arquitectura;no;0;3.89;3.78
MS;F;17;R;GT3;T;4;2;other;other;course;mother;2;2;0;yes;yes;no;no;no;yes;yes;no;4;3;3;2;3;5;0;7;388;4;Medicina;no;0;2.17;1.95
MS;M;16;U;LE3;A;2;2;other;services;course;father;2;2;0;no;yes;no;no;no;yes;yes;yes;4;1;2;2;2;5;0;4;370;2;Administración;no;0;2.74;2.84
MS;M;17;U;GT3;T;3;2;other;other;other;father;2;2;0;no;yes;yes;no;yes;yes;yes;no;4;1;2;2;2;1;0;8;315;5;Ing. Ambiental;no;0;2.63;3.13
MS;M;19;U;GT3;T;1;1;other;other;other;mother;1;2;2;no;yes;no;yes;yes;no;yes;no;4;4;3;3;4;4;2;5;366;4;Medicina;no;0;3.36;3.4
MS;M;17;U;LE3;A;1;0;other;other;home;mother;1;1;0;no;no;no;no;yes;yes;no;yes;4;1;2;1;1;5;4;5;335;1;Medicina;no;0;2.17;2.47
MS;F;17;R;GT3;T;1;1;at_home;at_home;course;father;2;1;0;no;yes;no;yes;yes;no;yes;yes;3;5;5;2;2;4;3;8;267;4;Ing. Industrial;no;0;3.08;2.66
MS;F;16;R;GT3;T;1;2;other;other;home;father;1;3;0;yes;yes;no;no;no;yes;yes;yes;4;3;4;1;1;3;5;3;347;4;Ing. Industrial;no;0;3.99;4.04
MS;M;16;R;LE3;T;1;2;other;at_home;course;mother;1;1;0;no;no;no;no;yes;yes;no;no;4;4;4;2;4;5;4;1;342;1;Medicina;no;0;3.05;2.72
MS;F;17;R;GT3;T;3;1;other;other;course;mother;2;2;3;no;yes;no;yes;no;yes;yes;yes;5;4;4;1;1;5;2;1;403;3;Enfermería;no;0;3.14;2.7
MS;M;17;R;GT3;T;2;2;other;other;course;mother;2;1;0;no;no;no;yes;yes;no;no;yes;5;5;5;3;5;5;0;7;238;3;Administración;no;0;2.21;1.99
MS;M;18;R;GT3;T;1;0;at_home;at_home;course;other;3;1;1;yes;yes;no;no;yes;yes;no;no;4;3;2;1;1;4;0;5;361;2;Ing. Ambiental;no;0;2.28;2.64
MS;M;17;R;GT3;T;1;1;other;services;course;mother;2;1;0;no;yes;no;yes;no;yes;yes;yes;4;5;5;1;3;2;0;6;292;6;Medicina;no;0;3.32;3.61
MS;M;18;U;LE3;T;1;1;at_home;at_home;course;mother;2;2;0;no;yes;no;yes;yes;yes;no;no;4;3;3;1;4;5;6;2;365;5;Psicología;no;0;3.39;3.46
MS;F;16;R;LE3;T;2;2;other;services;course;father;1;2;0;no;no;no;yes;yes;yes;no;yes;5;4;3;1;1;1;0;1;368;4;Administración;no;0;2.98;2.52
MS;M;17;U;GT3;T;2;2;other;other;course;mother;1;1;1;no;no;no;yes;yes;yes;no;yes;1;2;1;2;3;5;0;1;345;3;Ing. Industrial;no;0;2.49;2.43
MS;M;16;R;GT3;T;3;2;services;other;course;father;2;1;0;no;no;no;no;yes;yes;yes;no;4;5;5;2;3;5;2;3;390;3;Psicología;yes;30;1.69;1.78
MS;M;16;R;LE3;T;1;1;at_home;other;course;mother;2;1;0;no;no;no;yes;yes;yes;yes;no;4;5;5;2;4;5;0;5;287;4;Ing. Industrial;no;0;2.16;2.21
MS;M;18;R;GT3;T;1;1;services;other;course;other;2;1;1;no;yes;no;no;yes;no;yes;yes;5;3;3;2;3;5;2;3;405;4;Ing. Industrial;no;0;3.66;3.11
MS;M;18;R;GT3;T;3;2;services;other;course;mother;1;1;1;no;no;no;no;yes;no;yes;no;2;3;1;2;2;5;0;4;314;1;Administración;yes;25;2.06;1.79
MS;M;19;U;GT3;T;3;2;at_home;services;course;mother;2;1;3;no;no;no;yes;yes;yes;no;no;3;2;1;1;1;3;4;9;272;4;Ing. Industrial;no;0;2.79;2.77
MS;M;18;U;GT3;T;3;3;at_home;at_home;course;mother;1;2;2;no;yes;no;yes;yes;no;yes;no;4;4;5;1;3;3;9;3;336;5;Contaduría;no;0;3.5;3.66
MS;M;16;R;GT3;T;2;2;services;services;course;mother;2;1;0;no;yes;no;yes;yes;yes;yes;yes;5;4;3;2;4;4;6;4;245;3;Ing. Sistemas;yes;30;2.07;1.41
MS;M;19;U;GT3;T;2;1;at_home;other;course;other;2;1;3;no;no;no;yes;no;no;yes;yes;4;4;3;1;3;5;4;7;362;1;Contaduría;no;0;2.79;2.74
MS;F;16;U;GT3;A;3;2;services;at_home;course;mother;2;2;2;no;yes;no;yes;yes;yes;no;yes;2;5;5;1;1;1;8;3;337;5;Ing. Sistemas;no;0;3.47;3.51
MS;F;17;U;GT3;T;1;1;other;at_home;course;mother;1;1;0;no;yes;no;yes;yes;yes;no;no;4;3;2;1;2;5;9;5;411;2;Arquitectura;no;0;2.71;2.96
MS;M;20;R;GT3;T;1;1;other;other;course;other;2;1;1;no;yes;no;no;yes;no;yes;yes;4;4;3;2;4;4;12;8;382;3;Arquitectura;no;0;4.13;4.34
MS;F;18;R;GT3;A;4;3;services;services;course;mother;1;1;0;no;yes;no;no;yes;yes;yes;no;5;4;4;3;4;2;8;9;280;2;Ing. Industrial;no;0;1.87;2.04
MS;M;18;R;GT3;T;3;2;other;other;course;mother;2;1;0;no;yes;no;no;no;yes;yes;no;2;5;5;5;5;5;8;1;308;3;Ing. Ambiental;no;0;3.23;2.99
MS;M;19;R;GT3;T;1;1;other;services;home;other;3;2;1;no;no;no;no;yes;yes;yes;no;5;4;4;3;3;2;8;9;376;5;Ing. Ambiental;no;0;2.91;2.34
MS;M;17;U;GT3;T;3;3;health;other;course;mother;2;2;1;no;yes;no;no;yes;yes;yes;no;4;5;4;2;3;3;4;4;392;4;Ing. Sistemas;no;0;3.39;3.27
MS;M;18;U;LE3;T;1;3;at_home;services;course;mother;1;1;0;no;no;no;no;yes;no;yes;yes;4;3;3;2;3;3;0;2;411;2;Psicología;no;0;2.92;3.22
MS;M;19;R;GT3;T;1;1;other;other;home;other;3;1;1;no;yes;no;no;yes;yes;yes;no;4;4;4;3;3;5;4;4;410;5;Administración;no;0;2.33;2.75
MS;F;18;U;GT3;A;1;2;at_home;other;course;mother;2;2;2;no;yes;no;no;yes;yes;no;no;4;3;3;1;1;5;2;10;345;5;Ing. Industrial;no;0;3.11;3.32
MS;F;19;U;LE3;A;1;1;at_home;other;course;mother;1;1;0;no;yes;no;no;yes;no;no;no;1;4;4;1;1;5;0;4;368;5;Administración;no;0;1.77;1.9
MS;F;18;R;GT3;T;2;2;other;other;other;mother;2;1;1;no;no;no;no;yes;no;yes;yes;5;5;5;1;1;3;0;3;414;2;Contaduría;no;0;3.0;3.11
MS;F;17;R;GT3;T;0;0;at_home;other;course;mother;2;1;0;no;yes;no;no;yes;yes;yes;no;4;4;3;1;1;5;0;5;334;3;Ing. Ambiental;no;0;2.85;2.68
MS;F;17;R;LE3;A;3;1;other;at_home;course;other;2;3;0;no;yes;yes;no;yes;no;no;no;4;2;3;2;2;3;5;2;368;6;Enfermería;no;0;3.62;3.58
MS;F;17;U;GT3;T;4;2;teacher;services;home;mother;1;2;0;yes;yes;no;yes;yes;yes;yes;no;5;5;5;1;3;5;0;1;333;5;Contaduría;no;0;3.53;4.03
MS;F;18;R;LE3;T;2;2;services;services;course;mother;1;2;1;no;yes;no;yes;yes;yes;yes;no;2;3;3;1;2;4;3;1;322;1;Contaduría;yes;15;3.18;2.9
MS;F;17;U;GT3;T;4;1;health;at_home;course;mother;1;1;0;no;yes;no;no;yes;yes;no;yes;3;2;2;1;1;5;0;1;352;1;Ing. Sistemas;no;0;2.77;3.25
MS;F;17;U;LE3;T;1;2;at_home;other;course;father;1;1;0;no;no;no;no;yes;yes;yes;no;5;5;1;1;1;3;0;2;315;3;Derecho;no;0;2.26;2.16
MS;F;18;U;GT3;T;1;1;other;other;course;mother;3;2;2;no;no;no;yes;yes;yes;no;yes;3;4;4;2;2;5;3;1;343;6;Contaduría;no;0;2.64;3.04
MS;F;18;U;GT3;T;2;2;services;at_home;reputation;father;2;2;0;no;no;no;yes;no;yes;yes;no;4;3;5;1;1;1;2;6;298;4;Ing. Industrial;no;0;3.59;3.17
MS;F;17;U;GT3;T;3;3;services;services;course;mother;2;1;0;no;yes;no;no;yes;yes;yes;no;4;4;3;1;1;4;0;2;340;3;Medicina;no;0;3.42;3.6
MS;F;18;U;LE3;A;1;2;at_home;other;reputation;mother;2;2;0;no;no;no;no;yes;yes;yes;no;4;4;3;1;2;4;0;3;372;2;Medicina;no;0;2.88;2.66
MS;F;18;U;GT3;T;4;4;teacher;teacher;reputation;mother;2;2;0;no;no;no;yes;no;yes;yes;no;4;3;5;1;2;1;0;8;320;4;Ing. Industrial;no;0;3.02;2.6
MS;M;18;U;LE3;T;4;4;services;other;reputation;mother;1;1;0;no;yes;no;yes;yes;yes;yes;no;5;4;5;1;1;5;3;4;350;5;Derecho;yes;35;2.25;2.32
MS;F;17;U;GT3;T;4;2;other;other;course;mother;2;2;0;no;yes;no;no;yes;yes;yes;no;4;3;3;1;2;4;0;6;356;3;Derecho;no;0;3.59;3.89
MS;F;18;R;GT3;T;2;2;at_home;other;course;mother;3;2;1;no;no;no;yes;yes;yes;no;yes;4;3;3;1;1;4;0;2;372;5;Ing. Sistemas;no;0;3.33;3.08
MS;M;18;U;LE3;T;1;2;at_home;services;home;mother;2;1;0;no;yes;no;no;no;yes;no;no;4;1;4;5;5;1;8;2;343;6;Ing. Ambiental;no;0;3.67;3.22
MS;M;18;R;GT3;T;4;4;at_home;services;other;mother;3;1;0;no;yes;yes;yes;yes;yes;yes;yes;2;5;5;1;1;1;5;1;404;2;Administración;no;0;2.26;2.23
MS;M;17;R;GT3;T;1;1;other;services;other;father;3;1;0;no;no;no;no;no;no;no;no;4;2;3;3;4;4;4;2;244;4;Derecho;no;0;2.51;2.48
MS;F;18;U;GT3;T;2;2;other;other;course;mother;2;2;0;no;yes;no;no;no;yes;yes;yes;1;3;1;1;1;2;4;2;496;3;Enfermería;no;0;3.12;3.28
MS;F;18;U;LE3;T;2;2;services;services;course;father;2;3;0;no;no;no;no;yes;yes;yes;yes;5;4;5;1;4;3;0;2;306;5;Ing. Sistemas;no;0;3.62;3.9
MS;F;18;R;LE3;A;4;2;teacher;other;reputation;mother;1;2;0;no;no;no;yes;yes;yes;yes;yes;5;3;1;1;1;5;0;1;370;4;Arquitectura;no;0;2.89;2.87
MS;F;18;U;GT3;T;1;1;at_home;services;course;mother;3;2;1;no;no;no;no;yes;no;no;no;4;4;2;1;2;2;2;1;303;4;Psicología;no;0;2.56;3.12
MS;F;19;U;GT3;T;1;1;at_home;services;other;father;2;1;1;no;no;no;no;yes;no;no;no;5;5;5;2;3;2;0;4;382;5;Arquitectura;no;0;3.14;3.21
MS;F;17;U;GT3;T;4;2;teacher;other;course;father;2;4;0;no;no;no;no;yes;yes;yes;yes;4;2;3;3;1;5;0;2;363;3;Ing. Sistemas;no;0;3.96;3.86
MS;F;17;R;LE3;A;2;1;services;other;reputation;mother;2;2;0;no;no;no;yes;yes;yes;yes;yes;5;3;3;1;2;2;5;3;317;6;Contaduría;no;0;2.54;2.06
MS;F;18;U;LE3;A;1;1;at_home;services;course;mother;1;2;0;no;no;no;no;yes;yes;no;yes;5;2;3;1;2;3;2;4;403;4;Administración;no;0;3.68;3.6
MS;F;18;U;GT3;T;1;2;at_home;at_home;course;father;2;2;0;no;yes;no;no;yes;no;no;no;4;1;1;1;1;4;0;6;341;2;Psicología;no;0;3.59;3.49
MS;F;19;R;GT3;A;1;1;at_home;at_home;course;other;2;2;3;no;yes;no;yes;yes;no;no;yes;3;5;4;1;4;1;0;1;377;4;Arquitectura;no;0;3.07;3.36
MS;F;18;R;GT3;T;2;2;services;other;home;mother;2;3;0;no;no;no;no;yes;yes;yes;yes;4;2;1;1;1;4;5;7;304;5;Psicología;no;0;3.34;3.48
MS;M;17;R;GT3;T;4;3;services;other;home;mother;2;2;1;no;yes;yes;yes;no;yes;yes;yes;4;5;5;1;3;2;4;5;348;3;Enfermería;no;0;3.28;2.93
MS;F;18;U;GT3;T;3;3;services;services;course;father;1;2;0;no;yes;no;no;yes;yes;no;yes;5;3;4;1;1;5;0;1;450;5;Enfermería;no;0;2.57;2.62
MS;F;17;R;GT3;T;4;4;teacher;services;other;father;2;2;0;no;yes;yes;yes;yes;yes;yes;no;4;3;3;1;2;5;2;8;398;6;Enfermería;no;0;3.02;3.22
MS;F;17;U;LE3;A;3;2;services;other;reputation;mother;2;2;0;no;no;no;no;yes;yes;no;yes;1;2;3;1;2;5;0;9;365;3;Ing. Sistemas;yes;30;1.92;2.38
MS;M;18;U;LE3;T;1;1;other;services;home;father;2;1;0;no;no;no;no;no;yes;yes;yes;3;3;2;1;2;3;2;1;327;6;Administración;no;0;3.14;3.41
MS;F;18;U;LE3;T;1;1;at_home;services;course;father;2;3;0;no;no;no;no;yes;yes;yes;no;5;3;2;1;1;4;0;2;353;2;Ing. Sistemas;no;0;2.52;2.75
MS;F;18;R;LE3;A;1;2;at_home;other;course;mother;3;2;0;no;no;no;no;yes;yes;no;yes;4;3;4;1;4;5;0;7;359;2;Medicina;no;0;3.75;3.77
MS;F;18;U;GT3;T;3;3;services;services;other;mother;2;2;0;no;yes;no;no;yes;yes;yes;yes;4;3;2;1;3;3;6;7;372;2;Contaduría;no;0;2.83;2.95
MS;F;17;U;LE3;T;4;4;at_home;at_home;course;mother;1;2;0;no;yes;no;yes;yes;yes;yes;yes;2;3;4;1;1;1;4;2;296;5;Contaduría;no;0;2.89;3.26
MS;F;17;R;GT3;T;1;2;other;services;course;father;2;2;0;no;no;no;no;no;yes;no;no;3;2;2;1;2;3;0;2;383;4;Enfermería;no;0;2.69;2.29
MS;M;18;R;GT3;T;1;3;at_home;other;course;mother;2;2;0;no;yes;yes;no;yes;yes;no;no;3;3;4;2;4;3;0;3;295;2;Medicina;yes;20;2.86;2.76
MS;M;18;U;LE3;T;4;4;teacher;services;other;mother;2;3;0;no;no;no;no;yes;yes;yes;yes;4;2;2;2;2;5;0;4;431;3;Derecho;no;0;4.01;3.78
MS;F;17;R;GT3;T;1;1;other;services;reputation;mother;3;1;1;no;yes;no;no;yes;yes;yes;yes;5;2;1;1;2;1;0;5;311;4;Derecho;no;0;1.46;1.57
MS;F;18;U;GT3;T;2;3;at_home;services;course;father;2;1;0;no;yes;no;no;yes;yes;yes;yes;5;2;3;1;2;4;0;3;364;1;Enfermería;yes;25;3.34;3.71
MS;F;18;R;GT3;T;4;4;other;teacher;other;father;3;2;0;no;yes;no;no;no;yes;yes;yes;3;2;2;4;2;5;0;4;400;5;Arquitectura;no;0;3.17;2.99
MS;M;18;R;LE3;T;1;2;at_home;services;other;father;3;1;0;no;yes;no;yes;yes;no;yes;yes;4;3;3;2;3;3;3;7;337;5;Ing. Sistemas;no;0;2.1;1.38
MS;F;17;U;GT3;T;2;2;other;at_home;home;mother;1;3;0;no;no;no;yes;yes;yes;no;yes;3;4;3;1;1;3;8;1;367;4;Enfermería;yes;40;2.76;2.64
MS;F;17;R;GT3;T;1;2;other;other;course;mother;1;1;0;no;no;no;yes;yes;yes;yes;no;3;5;5;1;3;1;4;2;421;6;Ing. Ambiental;no;0;3.54;3.81
MS;F;18;R;LE3;T;4;4;other;other;reputation;mother;2;3;0;no;no;no;no;yes;yes;yes;no;5;4;4;1;1;1;0;6;378;3;Psicología;yes;35;2.83;2.99
MS;F;18;R;GT3;T;1;1;other;other;home;mother;4;3;0;no;no;no;no;yes;yes;yes;no;4;3;2;1;2;4;4;8;367;6;Contaduría;no;0;2.72;2.85
MS;F;19;R;GT3;T;1;1;at_home;other;course;other;2;2;1;no;yes;no;no;yes;yes;yes;yes;4;3;3;1;1;3;4;4;265;4;Derecho;no;0;3.57;3.49
MS;F;18;R;LE3;T;4;4;teacher;services;course;mother;1;2;0;no;no;no;yes;yes;yes;yes;no;5;4;3;3;4;2;1;4;303;4;Ing. Industrial;no;0;3.17;2.79
MS;F;18;U;GT3;T;3;3;other;other;home;mother;1;2;0;no;no;no;no;yes;yes;yes;yes;4;1;3;1;2;1;1;1;402;2;Derecho;no;0;2.53;2.68
MS;F;17;R;GT3;T;3;1;at_home;other;reputation;mother;1;2;0;no;yes;no;yes;no;yes;yes;no;4;5;4;2;3;1;10;4;378;5;Contaduría;no;0;3.11;2.86
MS;M;18;U;GT3;T;4;4;teacher;teacher;home;father;1;2;0;no;no;no;yes;no;yes;yes;no;3;2;4;1;4;2;4;4;386;3;Psicología;no;0;2.49;3.15
MS;M;18;R;GT3;T;2;1;other;other;other;mother;2;1;0;no;no;no;yes;no;yes;yes;yes;4;4;3;1;3;5;0;2;381;2;Contaduría;no;0;3.25;3.42
MS;M;17;U;GT3;T;2;3;other;services;home;father;2;2;0;no;no;no;yes;yes;yes;yes;no;4;4;3;1;1;3;4;2;414;1;Ing. Industrial;no;0;3.53;3.36
MS;M;19;R;GT3;T;1;1;other;services;other;mother;2;1;1;no;no;no;no;yes;yes;no;no;4;3;2;1;3;5;0;3;336;4;Enfermería;no;0;2.97;2.79
MS;M;18;R;GT3;T;4;2;other;other;home;father;2;1;1;no;no;yes;no;yes;yes;no;no;5;4;3;4;3;3;0;1;356;4;Medicina;yes;15;2.88;2.85
MS;F;18;R;GT3;T;2;2;at_home;other;other;mother;2;3;0;no;no;no;no;yes;yes;no;no;5;3;3;1;3;4;0;3;298;4;Ing. Industrial;no;0;4.18;4.11
MS;F;17;U;GT3;T;4;3;teacher;other;other;mother;2;2;0;no;no;no;no;yes;yes;yes;no;5;5;4;1;1;1;0;2;286;5;Contaduría;yes;40;3.0;3.34
MS;F;18;R;GT3;T;4;4;teacher;at_home;reputation;mother;3;1;0;no;yes;no;yes;yes;yes;yes;yes;4;4;3;2;2;5;4;3;267;1;Contaduría;no;0;2.11;2.17
MS;F;19;R;GT3;T;2;3;services;other;course;mother;1;3;1;no;no;no;yes;no;yes;yes;no;5;4;2;1;2;5;4;1;305;4;Ing. Ambiental;no;0;3.52;3.3
MS;F;18;U;LE3;T;3;1;teacher;services;course;mother;1;2;0;no;yes;no;no;yes;yes;yes;no;4;3;4;1;1;1;4;8;427;2;Ing. Ambiental;no;0;4.04;4.61
MS;F;18;U;GT3;T;1;1;other;other;course;mother;2;2;0;no;no;no;yes;yes;yes;no;no;1;1;1;1;1;5;6;5;272;5;Administración;no;0;2.49;2.5
MS;M;17;U;LE3;T;3;1;services;services;course;mother;2;1;0;no;no;no;no;no;yes;yes;no;2;4;5;3;4;2;6;6;334;5;Ing. Ambiental;no;0;2.52;2.75
MS;M;18;R;LE3;T;3;2;services;other;course;mother;3;1;0;no;no;no;no;no;yes;yes;no;4;4;1;3;4;5;4;7;285;4;Ing. Sistemas;yes;30;2.91;2.73
